,number_of_open_complaints,number_of_policies
0,0,1
1,0,8
2,0,2
3,0,7
4,0,1
5,0,2
6,0,9
7,0,4
8,0,2
9,0,8
10,0,3
11,0,3
12,2,3
13,1,8
14,2,8
15,1,2
16,0,1
17,0,1
18,0,7
19,0,3
20,0,1
21,0,1
22,0,2
23,3,1
24,0,1
25,0,3
26,0,1
27,0,1
28,2,2
29,1,1
30,1,1
31,0,6
32,0,3
33,0,6
34,0,8
35,0,6
36,0,2
37,0,8
38,0,1
39,2,1
40,1,1
41,0,1
42,0,1
43,0,2
44,0,1
45,3,3
46,3,5
47,0,4
48,0,1
49,0,1
50,0,2
51,0,2
52,3,2
53,0,3
54,0,1
55,0,3
56,0,2
57,0,1
58,2,1
59,0,1
60,1,3
61,0,6
62,0,1
63,0,2
64,0,2
65,0,1
66,0,3
67,0,2
68,0,5
69,0,2
70,0,2
71,0,1
72,2,1
73,1,5
74,3,9
75,0,2
76,0,6
77,0,2
78,2,2
79,1,2
80,0,2
81,0,8
82,0,1
83,0,1
84,0,3
85,1,2
86,5,5
87,3,1
88,0,1
89,1,4
90,1,2
91,0,2
92,0,1
93,0,1
94,1,9
95,1,2
96,0,9
97,0,8
98,3,9
99,0,7
100,0,3
101,0,1
102,1,3
103,0,1
104,0,4
105,0,9
106,0,2
107,1,3
108,0,9
109,1,1
110,0,7
111,1,8
112,0,7
113,2,2
114,0,2
115,1,3
116,0,1
117,0,9
118,0,1
119,2,1
120,0,1
121,0,9
122,0,7
123,0,3
124,0,1
125,1,2
126,0,1
127,0,1
128,0,2
129,0,2
130,0,1
131,0,8
132,1,4
133,0,1
134,0,2
135,0,1
136,0,3
137,0,1
138,0,2
139,0,2
140,0,1
141,0,1
142,0,6
143,0,1
144,0,1
145,0,1
146,0,2
147,3,4
148,0,3
149,0,1
150,0,1
151,0,9
152,0,1
153,0,3
154,0,1
155,0,1
156,0,1
157,0,2
158,0,1
159,1,2
160,0,1
161,0,1
162,0,4
163,1,1
164,2,2
165,0,2
166,1,2
167,1,7
168,0,2
169,1,2
170,0,1
171,0,2
172,1,2
173,3,1
174,0,8
175,0,1
176,0,1
177,0,8
178,0,7
179,0,1
180,1,2
181,2,4
182,0,3
183,0,2
184,0,1
185,4,2
186,0,1
187,0,1
188,0,1
189,2,7
190,1,1
191,0,1
192,1,1
193,3,2
194,0,2
195,0,1
196,0,1
197,2,1
198,1,2
199,1,4
200,0,3
201,3,1
202,0,1
203,0,7
204,3,7
205,0,2
206,0,1
207,0,3
208,0,3
209,0,3
210,0,1
211,0,5
212,0,2
213,0,3
214,0,1
215,0,3
216,0,1
217,0,6
218,0,3
219,0,1
220,0,3
221,0,8
222,0,9
223,0,7
224,0,2
225,0,5
226,0,9
227,0,1
228,2,9
229,0,9
230,0,5
231,0,2
232,0,2
233,0,1
234,0,8
235,0,8
236,0,2
237,0,3
238,0,1
239,1,1
240,0,3
241,0,2
242,0,4
243,5,5
244,5,1
245,0,1
246,0,3
247,2,2
248,0,1
249,0,2
250,0,1
251,0,2
252,0,8
253,1,3
254,0,3
255,0,1
256,0,4
257,1,4
258,2,2
259,0,1
260,0,2
261,0,5
262,0,2
263,0,4
264,0,6
265,0,4
266,0,2
267,0,8
268,0,3
269,0,1
270,0,2
271,0,7
272,0,1
273,0,1
274,4,1
275,0,3
276,0,5
277,0,4
278,2,2
279,0,1
280,0,5
281,4,3
282,1,6
283,1,1
284,0,3
285,0,3
286,0,3
287,0,7
288,1,5
289,0,5
290,1,8
291,0,3
292,0,8
293,0,3
294,0,6
295,0,1
296,1,2
297,2,1
298,0,9
299,0,8
300,0,1
301,0,8
302,1,9
303,0,2
304,0,1
305,0,4
306,0,2
307,0,3
308,0,1
309,0,6
310,1,6
311,0,1
312,0,6
313,0,3
314,2,3
315,0,2
316,4,1
317,0,1
318,0,1
319,1,1
320,0,1
321,0,7
322,1,1
323,0,5
324,0,2
325,0,2
326,1,2
327,0,1
328,0,1
329,0,2
330,0,1
331,0,9
332,0,1
333,0,2
334,1,5
335,0,1
336,0,2
337,1,3
338,0,5
339,0,1
340,1,8
341,0,2
342,0,5
343,0,1
344,0,3
345,0,2
346,0,3
347,0,8
348,3,2
349,0,1
350,2,3
351,2,2
352,0,1
353,0,3
354,0,1
355,0,1
356,3,1
357,0,1
358,0,3
359,1,4
360,0,2
361,0,3
362,0,2
363,0,1
364,0,7
365,0,1
366,0,9
367,0,1
368,0,1
369,0,1
370,0,7
371,0,9
372,3,3
373,0,2
374,0,3
375,0,2
376,0,1
377,0,1
378,0,3
379,0,1
380,0,1
381,0,1
382,0,1
383,1,2
384,0,1
385,0,2
386,4,1
387,0,3
388,0,1
389,0,2
390,0,3
391,0,5
392,0,2
393,1,1
394,0,3
395,0,6
396,0,1
397,0,8
398,0,2
399,0,1
400,0,9
401,0,1
402,0,2
403,5,7
404,0,2
405,1,2
406,0,3
407,0,2
408,0,2
409,0,2
410,0,5
411,0,6
412,0,4
413,0,1
414,0,6
415,1,1
416,1,9
417,0,4
418,0,1
419,0,1
420,0,3
421,1,2
422,1,8
423,0,3
424,0,1
425,0,2
426,0,3
427,0,2
428,0,1
429,0,7
430,3,3
431,0,1
432,0,1
433,2,6
434,0,1
435,2,1
436,1,1
437,0,2
438,0,3
439,0,3
440,1,1
441,0,7
442,0,6
443,0,2
444,4,9
445,0,6
446,0,4
447,0,3
448,0,1
449,0,1
450,0,1
451,0,6
452,0,4
453,0,1
454,0,6
455,0,1
456,0,1
457,0,4
458,0,2
459,0,2
460,1,3
461,1,9
462,0,1
463,0,4
464,0,1
465,1,2
466,0,1
467,0,1
468,0,5
469,0,9
470,2,1
471,0,1
472,0,3
473,0,1
474,0,8
475,0,2
476,0,2
477,0,8
478,0,2
479,0,1
480,0,2
481,0,1
482,0,9
483,0,4
484,2,9
485,0,3
486,0,1
487,0,4
488,0,3
489,0,1
490,0,5
491,0,2
492,0,1
493,1,2
494,0,9
495,0,1
496,0,1
497,0,1
498,1,1
499,0,2
500,0,1
501,0,2
502,2,1
503,0,2
504,0,4
505,0,1
506,2,4
507,0,2
508,0,5
509,0,1
510,0,1
511,0,5
512,3,2
513,0,8
514,0,7
515,1,3
516,0,1
517,0,1
518,0,2
519,0,1
520,0,2
521,0,8
522,0,2
523,3,5
524,0,6
525,1,9
526,0,2
527,0,1
528,0,1
529,1,1
530,0,7
531,0,5
532,0,4
533,0,2
534,0,6
535,0,1
536,2,6
537,0,5
538,0,2
539,0,9
540,0,6
541,0,2
542,0,1
543,0,2
544,0,1
545,0,1
546,0,3
547,0,5
548,2,4
549,0,4
550,0,4
551,0,3
552,1,1
553,1,1
554,4,1
555,0,9
556,1,8
557,3,1
558,0,3
559,1,9
560,3,2
561,3,2
562,1,1
563,0,1
564,0,1
565,0,1
566,0,1
567,0,3
568,0,3
569,0,1
570,0,2
571,0,3
572,0,6
573,0,1
574,0,4
575,0,2
576,2,3
577,0,1
578,1,7
579,0,4
580,0,3
581,1,1
582,1,2
583,3,5
584,0,3
585,0,9
586,0,3
587,1,1
588,1,3
589,0,1
590,2,1
591,0,1
592,1,1
593,0,1
594,0,6
595,0,1
596,0,1
597,1,1
598,0,4
599,0,3
600,0,2
601,0,1
602,0,2
603,0,2
604,0,7
605,1,5
606,0,6
607,0,2
608,0,2
609,1,1
610,0,3
611,1,3
612,0,3
613,3,2
614,0,1
615,0,1
616,0,2
617,0,7
618,0,7
619,0,8
620,0,1
621,0,9
622,0,3
623,0,1
624,0,2
625,0,1
626,0,2
627,2,5
628,0,2
629,0,5
630,0,2
631,0,2
632,1,6
633,0,1
634,1,1
635,2,1
636,3,2
637,0,1
638,0,1
639,0,3
640,0,1
641,0,1
642,0,2
643,0,1
644,0,2
645,5,1
646,0,6
647,0,2
648,1,2
649,0,6
650,0,9
651,0,2
652,0,5
653,1,5
654,0,8
655,0,3
656,0,2
657,0,3
658,0,1
659,0,2
660,0,3
661,0,1
662,0,1
663,1,7
664,0,1
665,0,1
666,1,4
667,0,6
668,0,8
669,1,1
670,0,2
671,0,9
672,0,1
673,3,3
674,0,1
675,0,9
676,0,1
677,0,3
678,2,2
679,0,3
680,4,1
681,0,2
682,1,3
683,1,2
684,0,3
685,3,7
686,0,1
687,0,9
688,0,2
689,1,7
690,0,2
691,1,2
692,0,1
693,0,1
694,0,1
695,0,2
696,0,7
697,0,6
698,0,2
699,0,1
700,0,2
701,0,2
702,4,1
703,0,1
704,0,2
705,0,8
706,0,2
707,0,1
708,0,1
709,0,1
710,0,4
711,0,2
712,0,1
713,0,1
714,0,1
715,1,2
716,0,1
717,0,1
718,2,9
719,0,1
720,0,1
721,0,1
722,0,6
723,0,2
724,0,2
725,0,1
726,2,3
727,4,6
728,0,2
729,0,3
730,0,6
731,0,2
732,0,7
733,1,3
734,0,2
735,0,8
736,3,9
737,0,3
738,0,2
739,0,9
740,1,2
741,0,1
742,0,3
743,0,3
744,0,1
745,0,2
746,0,2
747,0,4
748,1,1
749,4,2
750,0,2
751,0,2
752,0,2
753,0,1
754,0,5
755,0,1
756,0,3
757,0,3
758,0,3
759,1,2
760,0,1
761,3,7
762,1,3
763,0,1
764,1,2
765,0,6
766,0,2
767,0,2
768,0,1
769,0,2
770,0,2
771,0,1
772,2,3
773,0,1
774,0,2
775,0,1
776,0,1
777,2,1
778,0,2
779,3,2
780,1,1
781,0,1
782,0,3
783,0,1
784,0,1
785,1,2
786,0,2
787,0,2
788,0,1
789,3,2
790,0,1
791,0,1
792,0,1
793,0,2
794,2,2
795,0,1
796,0,1
797,0,2
798,0,1
799,0,3
800,3,2
801,0,1
802,0,3
803,0,2
804,0,1
805,0,1
806,0,2
807,0,1
808,0,2
809,0,1
810,0,2
811,0,9
812,1,1
813,0,9
814,4,1
815,0,2
816,0,3
817,3,1
818,0,5
819,0,3
820,0,2
821,0,3
822,0,7
823,1,4
824,0,2
825,0,1
826,0,1
827,2,9
828,2,6
829,0,5
830,0,4
831,0,4
832,0,2
833,0,1
834,2,2
835,0,3
836,0,2
837,0,1
838,0,1
839,0,2
840,2,1
841,0,7
842,0,1
843,0,2
844,0,1
845,0,9
846,0,1
847,0,1
848,1,1
849,0,2
850,1,4
851,3,5
852,0,1
853,0,1
854,0,1
855,0,1
856,0,2
857,1,3
858,0,3
859,0,8
860,0,2
861,0,6
862,0,2
863,0,1
864,1,9
865,0,2
866,0,1
867,1,1
868,1,2
869,4,1
870,0,1
871,1,1
872,0,1
873,4,1
874,0,2
875,0,2
876,0,1
877,0,1
878,0,8
879,0,6
880,0,1
881,0,4
882,0,2
883,0,5
884,0,1
885,3,1
886,2,1
887,1,2
888,2,1
889,0,7
890,0,2
891,0,1
892,1,2
893,0,2
894,0,1
895,0,3
896,2,1
897,0,1
898,0,2
899,5,3
900,0,1
901,0,5
902,0,4
903,0,6
904,0,1
905,0,2
906,0,2
907,0,2
908,0,1
909,3,2
910,0,2
911,0,4
912,0,9
913,1,1
914,0,2
915,1,1
916,1,7
917,0,2
918,0,2
919,0,3
920,1,8
921,0,2
922,0,1
923,0,1
924,1,5
925,0,3
926,0,1
927,1,6
928,0,7
929,0,2
930,0,2
931,0,1
932,0,3
933,0,6
934,0,1
935,0,8
936,0,2
937,0,1
938,0,6
939,0,3
940,0,2
941,0,1
942,0,1
943,0,1
944,0,7
945,0,2
946,0,1
947,0,1
948,1,2
949,4,1
950,0,1
951,0,1
952,3,1
953,0,4
954,0,1
955,0,6
956,0,7
957,0,8
958,0,3
959,3,4
960,0,2
961,0,4
962,0,2
963,0,1
964,0,3
965,1,2
966,1,3
967,0,1
968,0,1
969,0,5
970,0,3
971,0,8
972,0,2
973,1,1
974,0,3
975,0,3
976,0,9
977,0,1
978,0,9
979,0,3
980,0,1
981,0,8
982,0,2
983,1,1
984,0,2
985,0,7
986,0,7
987,0,8
988,0,1
989,0,1
990,0,1
991,0,2
992,0,2
993,0,2
994,0,2
995,0,3
996,1,1
997,0,1
998,0,2
999,0,1
1000,0,9
1001,0,3
1002,1,2
1003,0,6
1004,0,2
1005,0,3
1006,0,1
1007,0,3
1008,0,2
1009,1,2
1010,0,5
1011,0,1
1012,0,2
1013,0,7
1014,0,2
1015,1,1
1016,0,2
1017,0,7
1018,0,1
1019,1,1
1020,0,1
1021,0,7
1022,0,1
1023,0,2
1024,0,2
1025,0,2
1026,0,1
1027,0,5
1028,0,1
1029,0,5
1030,1,6
1031,1,3
1032,0,2
1033,2,7
1034,0,1
1035,0,8
1036,0,2
1037,0,2
1038,0,1
1039,0,1
1040,0,2
1041,0,2
1042,2,1
1043,0,1
1044,0,1
1045,0,8
1046,0,9
1047,0,2
1048,0,1
1049,0,6
1050,0,1
1051,0,6
1052,0,3
1053,1,1
1054,0,3
1055,2,9
1056,0,1
1057,0,7
1058,0,1
1059,0,2
1060,0,7
1061,0,2
1062,0,1
1063,0,5
1064,0,1
1065,1,1
1066,1,1
1067,2,2
1068,0,1
1069,0,1
1070,0,9
1071,1,2
1072,0,1
1073,0,6
1074,0,1
1075,0,1
1076,0,1
1077,0,6
1078,1,2
1079,0,2
1080,0,1
1081,0,1
1082,0,3
1083,0,5
1084,0,2
1085,0,7
1086,0,1
1087,1,3
1088,1,4
1089,0,4
1090,0,2
1091,0,1
1092,0,4
1093,0,1
1094,0,1
1095,0,2
1096,3,1
1097,0,2
1098,0,1
1099,0,2
1100,0,7
1101,0,2
1102,0,4
1103,0,3
1104,1,3
1105,0,1
1106,0,1
1107,0,2
1108,0,4
1109,0,1
1110,0,8
1111,1,7
1112,0,1
1113,5,1
1114,0,1
1115,0,2
1116,0,6
1117,0,6
1118,1,1
1119,0,2
1120,0,2
1121,2,1
1122,0,2
1123,2,7
1124,0,8
1125,0,1
1126,1,3
1127,0,2
1128,0,2
1129,0,3
1130,0,2
1131,0,1
1132,0,2
1133,1,2
1134,1,1
1135,0,1
1136,0,5
1137,0,1
1138,0,1
1139,0,1
1140,0,2
1141,1,9
1142,0,2
1143,0,6
1144,0,2
1145,0,1
1146,0,9
1147,0,1
1148,0,1
1149,0,2
1150,0,4
1151,0,1
1152,0,1
1153,0,8
1154,1,2
1155,0,1
1156,0,2
1157,0,3
1158,0,3
1159,1,8
1160,0,1
1161,0,1
1162,1,2
1163,0,1
1164,0,1
1165,0,1
1166,1,9
1167,0,5
1168,0,1
1169,0,1
1170,1,1
1171,0,1
1172,0,4
1173,0,1
1174,0,2
1175,0,1
1176,3,5
1177,0,1
1178,0,1
1179,4,1
1180,0,2
1181,0,1
1182,0,2
1183,1,2
1184,2,2
1185,0,1
1186,0,6
1187,1,2
1188,0,6
1189,0,1
1190,1,2
1191,0,9
1192,0,2
1193,0,3
1194,0,8
1195,0,1
1196,1,6
1197,0,3
1198,0,2
1199,0,1
1200,0,7
1201,0,9
1202,0,1
1203,0,9
1204,1,3
1205,0,2
1206,0,1
1207,0,1
1208,0,9
1209,1,2
1210,0,2
1211,0,1
1212,4,3
1213,0,5
1214,1,2
1215,0,9
1216,0,2
1217,0,1
1218,1,2
1219,2,2
1220,0,3
1221,0,6
1222,0,2
1223,0,2
1224,0,6
1225,1,2
1226,0,6
1227,0,2
1228,0,7
1229,0,9
1230,0,1
1231,0,7
1232,0,3
1233,0,2
1234,1,9
1235,1,2
1236,0,2
1237,1,9
1238,0,2
1239,2,1
1240,0,4
1241,0,2
1242,0,3
1243,0,1
1244,2,4
1245,0,6
1246,0,1
1247,0,1
1248,0,1
1249,0,9
1250,0,9
1251,0,1
1252,0,9
1253,0,2
1254,0,3
1255,0,2
1256,0,1
1257,0,1
1258,0,3
1259,0,1
1260,0,1
1261,3,2
1262,0,1
1263,0,1
1264,0,7
1265,2,3
1266,0,2
1267,0,1
1268,0,3
1269,0,1
1270,0,9
1271,0,3
1272,0,6
1273,1,5
1274,0,5
1275,0,1
1276,1,1
1277,0,2
1278,0,2
1279,3,6
1280,0,1
1281,0,3
1282,0,2
1283,1,1
1284,0,6
1285,0,3
1286,0,1
1287,0,1
1288,1,1
1289,0,2
1290,0,2
1291,1,6
1292,0,1
1293,3,2
1294,0,1
1295,1,1
1296,1,2
1297,0,1
1298,0,2
1299,0,1
1300,0,8
1301,0,2
1302,0,3
1303,0,1
1304,0,2
1305,5,1
1306,1,2
1307,0,2
1308,0,6
1309,0,9
1310,0,1
1311,3,2
1312,0,2
1313,0,2
1314,0,5
1315,0,5
1316,0,2
1317,0,3
1318,1,1
1319,5,6
1320,0,1
1321,1,1
1322,0,1
1323,0,4
1324,0,1
1325,0,1
1326,2,2
1327,0,1
1328,3,2
1329,0,4
1330,0,2
1331,0,4
1332,0,1
1333,0,2
1334,2,1
1335,0,1
1336,0,1
1337,2,1
1338,0,7
1339,1,3
1340,0,2
1341,0,4
1342,0,5
1343,1,4
1344,0,1
1345,0,1
1346,2,6
1347,0,1
1348,0,1
1349,0,3
1350,0,1
1351,0,6
1352,0,8
1353,0,1
1354,0,1
1355,0,1
1356,3,5
1357,0,1
1358,1,1
1359,3,2
1360,0,2
1361,0,2
1362,0,1
1363,0,1
1364,0,7
1365,0,1
1366,0,8
1367,3,3
1368,0,1
1369,0,8
1370,0,1
1371,2,1
1372,0,1
1373,0,4
1374,0,7
1375,0,3
1376,1,1
1377,0,5
1378,0,1
1379,0,2
1380,0,3
1381,0,1
1382,0,2
1383,0,9
1384,0,6
1385,0,1
1386,0,5
1387,0,9
1388,0,1
1389,0,3
1390,2,2
1391,0,1
1392,0,2
1393,5,8
1394,0,2
1395,0,1
1396,0,2
1397,0,2
1398,0,2
1399,0,2
1400,0,2
1401,0,9
1402,0,4
1403,0,1
1404,1,2
1405,0,3
1406,0,2
1407,0,2
1408,0,5
1409,0,1
1410,1,1
1411,0,1
1412,2,9
1413,0,5
1414,0,1
1415,1,2
1416,0,1
1417,0,6
1418,0,1
1419,0,2
1420,1,2
1421,4,6
1422,0,2
1423,3,1
1424,0,1
1425,0,2
1426,0,1
1427,0,1
1428,0,1
1429,4,2
1430,0,1
1431,0,7
1432,2,1
1433,0,1
1434,0,1
1435,1,2
1436,4,1
1437,1,2
1438,0,1
1439,2,6
1440,0,5
1441,2,1
1442,0,2
1443,1,7
1444,0,1
1445,0,4
1446,0,1
1447,0,1
1448,0,3
1449,0,8
1450,0,2
1451,0,1
1452,0,8
1453,0,1
1454,0,3
1455,0,1
1456,0,1
1457,0,6
1458,0,3
1459,0,1
1460,0,8
1461,0,2
1462,0,2
1463,0,3
1464,0,2
1465,1,1
1466,0,2
1467,1,2
1468,0,3
1469,0,3
1470,0,2
1471,0,9
1472,1,1
1473,3,7
1474,0,9
1475,0,6
1476,0,3
1477,2,1
1478,0,1
1479,2,2
1480,0,1
1481,0,4
1482,0,1
1483,2,1
1484,0,1
1485,0,8
1486,0,7
1487,0,1
1488,0,3
1489,0,8
1490,0,2
1491,0,1
1492,1,1
1493,2,1
1494,0,1
1495,0,1
1496,0,1
1497,0,3
1498,0,3
1499,0,2
1500,0,2
1501,0,6
1502,0,1
1503,0,1
1504,0,1
1505,0,1
1506,0,2
1507,0,1
1508,0,9
1509,0,3
1510,0,1
1511,0,2
1512,0,1
1513,1,5
1514,0,2
1515,0,1
1516,3,7
1517,0,8
1518,0,4
1519,0,1
1520,0,1
1521,0,2
1522,1,2
1523,0,1
1524,1,2
1525,0,1
1526,0,2
1527,2,1
1528,0,1
1529,5,2
1530,0,2
1531,0,1
1532,2,2
1533,0,1
1534,0,1
1535,0,2
1536,1,1
1537,0,1
1538,0,7
1539,0,2
1540,2,1
1541,0,5
1542,2,7
1543,0,3
1544,0,6
1545,1,1
1546,0,4
1547,0,2
1548,0,2
1549,0,2
1550,0,2
1551,0,1
1552,0,1
1553,0,1
1554,0,2
1555,0,3
1556,0,1
1557,0,3
1558,0,2
1559,2,1
1560,1,3
1561,3,2
1562,0,9
1563,0,2
1564,0,5
1565,0,2
1566,0,9
1567,0,9
1568,0,8
1569,1,6
1570,0,8
1571,0,1
1572,0,2
1573,0,2
1574,0,1
1575,0,2
1576,0,1
1577,0,1
1578,0,1
1579,0,2
1580,2,2
1581,0,6
1582,0,3
1583,0,1
1584,0,3
1585,1,1
1586,0,1
1587,0,3
1588,0,1
1589,0,2
1590,0,6
1591,0,1
1592,0,2
1593,0,1
1594,0,3
1595,0,1
1596,0,2
1597,0,5
1598,0,1
1599,0,3
1600,0,1
1601,0,8
1602,0,1
1603,0,1
1604,0,1
1605,0,1
1606,0,3
1607,0,2
1608,1,3
1609,1,1
1610,0,9
1611,1,3
1612,0,7
1613,0,7
1614,0,3
1615,0,1
1616,0,1
1617,0,1
1618,0,5
1619,0,9
1620,0,1
1621,0,2
1622,0,4
1623,0,2
1624,0,6
1625,0,3
1626,0,5
1627,0,1
1628,0,1
1629,1,5
1630,0,2
1631,0,7
1632,0,1
1633,1,1
1634,0,7
1635,0,7
1636,0,3
1637,0,1
1638,0,8
1639,1,2
1640,3,2
1641,2,2
1642,0,9
1643,0,2
1644,0,2
1645,0,1
1646,0,9
1647,0,7
1648,0,7
1649,0,3
1650,0,2
1651,0,6
1652,0,1
1653,0,1
1654,1,4
1655,0,1
1656,0,3
1657,0,2
1658,0,3
1659,0,2
1660,0,9
1661,0,1
1662,0,7
1663,0,5
1664,0,6
1665,0,6
1666,0,1
1667,0,5
1668,0,1
1669,0,6
1670,1,1
1671,0,1
1672,0,2
1673,0,3
1674,0,1
1675,0,3
1676,0,1
1677,0,1
1678,0,5
1679,0,4
1680,0,3
1681,0,6
1682,0,2
1683,0,1
1684,1,1
1685,0,2
1686,0,9
1687,0,1
1688,0,1
1689,0,3
1690,0,1
1691,0,1
1692,0,3
1693,0,3
1694,0,4
1695,0,4
1696,0,2
1697,0,1
1698,1,8
1699,0,1
1700,0,2
1701,0,1
1702,0,3
1703,0,3
1704,0,1
1705,0,1
1706,0,4
1707,0,3
1708,0,4
1709,0,2
1710,1,1
1711,0,2
1712,0,2
1713,1,8
1714,0,1
1715,1,7
1716,0,8
1717,1,5
1718,3,1
1719,0,3
1720,1,2
1721,0,2
1722,0,1
1723,0,5
1724,0,8
1725,3,2
1726,0,1
1727,0,1
1728,0,9
1729,1,8
1730,0,2
1731,3,2
1732,3,8
1733,0,9
1734,0,2
1735,0,8
1736,0,2
1737,0,1
1738,0,1
1739,0,7
1740,0,1
1741,0,1
1742,0,4
1743,2,1
1744,1,1
1745,1,2
1746,1,8
1747,2,2
1748,0,3
1749,0,3
1750,0,1
1751,0,6
1752,0,4
1753,0,1
1754,0,1
1755,0,2
1756,0,5
1757,0,2
1758,0,9
1759,2,1
1760,0,3
1761,0,3
1762,0,1
1763,0,2
1764,1,2
1765,0,1
1766,1,5
1767,0,5
1768,0,1
1769,0,2
1770,0,2
1771,0,8
1772,0,1
1773,0,3
1774,2,1
1775,0,9
1776,0,5
1777,0,2
1778,0,2
1779,0,1
1780,0,2
1781,0,1
1782,0,6
1783,0,3
1784,0,1
1785,0,1
1786,0,2
1787,0,1
1788,0,2
1789,0,1
1790,0,7
1791,0,1
1792,0,1
1793,0,5
1794,0,9
1795,4,1
1796,0,2
1797,0,2
1798,0,1
1799,0,2
1800,0,2
1801,0,3
1802,0,3
1803,0,3
1804,0,1
1805,1,2
1806,0,2
1807,0,1
1808,0,6
1809,4,3
1810,0,2
1811,0,8
1812,0,2
1813,0,3
1814,0,2
1815,0,1
1816,0,5
1817,0,4
1818,0,2
1819,4,1
1820,0,2
1821,0,7
1822,0,2
1823,0,1
1824,0,2
1825,0,9
1826,0,3
1827,0,2
1828,1,1
1829,0,1
1830,0,1
1831,0,3
1832,0,2
1833,0,1
1834,0,1
1835,0,2
1836,0,5
1837,0,3
1838,0,1
1839,0,6
1840,0,5
1841,0,1
1842,1,1
1843,2,2
1844,0,3
1845,2,7
1846,0,1
1847,1,2
1848,0,7
1849,0,4
1850,4,1
1851,0,3
1852,0,7
1853,0,3
1854,0,2
1855,0,7
1856,0,2
1857,0,6
1858,1,2
1859,4,6
1860,3,1
1861,0,2
1862,1,1
1863,0,2
1864,0,2
1865,0,1
1866,1,3
1867,0,1
1868,0,7
1869,0,5
1870,0,1
1871,0,3
1872,0,5
1873,0,2
1874,0,2
1875,1,3
1876,0,5
1877,0,5
1878,0,4
1879,0,4
1880,0,2
1881,0,1
1882,0,3
1883,1,4
1884,0,3
1885,0,1
1886,3,1
1887,0,1
1888,0,3
1889,0,2
1890,1,1
1891,3,2
1892,1,1
1893,0,9
1894,0,9
1895,0,3
1896,0,1
1897,0,6
1898,0,2
1899,0,2
1900,0,1
1901,0,1
1902,0,2
1903,0,2
1904,0,1
1905,0,3
1906,0,4
1907,2,2
1908,0,6
1909,1,7
1910,0,2
1911,0,1
1912,0,1
1913,0,2
1914,1,2
1915,0,1
1916,4,1
1917,0,2
1918,0,7
1919,3,2
1920,0,1
1921,0,1
1922,0,1
1923,0,1
1924,0,2
1925,0,5
1926,0,1
1927,0,7
1928,0,5
1929,0,1
1930,1,2
1931,0,2
1932,0,3
1933,0,6
1934,0,1
1935,0,2
1936,0,3
1937,1,2
1938,0,1
1939,1,2
1940,0,8
1941,0,2
1942,0,1
1943,1,1
1944,1,3
1945,0,2
1946,0,4
1947,1,1
1948,3,1
1949,0,3
1950,0,8
1951,0,1
1952,0,2
1953,0,1
1954,0,1
1955,1,1
1956,0,7
1957,0,1
1958,0,1
1959,0,1
1960,0,1
1961,0,6
1962,0,1
1963,0,4
1964,0,9
1965,0,5
1966,0,1
1967,0,2
1968,0,7
1969,0,1
1970,1,2
1971,4,5
1972,0,4
1973,1,1
1974,0,2
1975,0,2
1976,0,2
1977,0,2
1978,0,1
1979,0,1
1980,4,1
1981,0,3
1982,0,5
1983,0,2
1984,0,7
1985,0,2
1986,0,2
1987,0,2
1988,0,1
1989,1,9
1990,0,1
1991,1,5
1992,0,3
1993,0,2
1994,0,8
1995,0,2
1996,0,1
1997,0,6
1998,0,2
1999,0,8
2000,0,1
2001,0,2
2002,1,2
2003,0,7
2004,0,8
2005,0,8
2006,0,1
2007,2,9
2008,0,6
2009,0,2
2010,0,4
2011,0,2
2012,0,1
2013,0,2
2014,0,9
2015,4,3
2016,0,1
2017,1,1
2018,0,1
2019,0,1
2020,1,1
2021,0,3
2022,1,1
2023,0,1
2024,2,1
2025,0,1
2026,4,8
2027,0,1
2028,0,2
2029,0,3
2030,1,3
2031,1,4
2032,0,3
2033,2,2
2034,0,2
2035,0,3
2036,0,1
2037,2,1
2038,0,2
2039,0,2
2040,0,1
2041,0,6
2042,0,2
2043,1,3
2044,0,1
2045,0,1
2046,1,5
2047,0,3
2048,0,7
2049,5,2
2050,2,4
2051,2,1
2052,0,2
2053,0,2
2054,3,5
2055,0,2
2056,0,2
2057,0,1
2058,0,7
2059,0,2
2060,0,5
2061,0,4
2062,0,1
2063,0,1
2064,0,1
2065,0,1
2066,0,1
2067,0,1
2068,2,3
2069,0,1
2070,0,2
2071,0,1
2072,0,1
2073,0,3
2074,0,2
2075,0,6
2076,0,1
2077,3,9
2078,0,1
2079,0,2
2080,1,2
2081,0,5
2082,0,8
2083,0,1
2084,0,1
2085,0,2
2086,0,5
2087,0,2
2088,0,5
2089,1,1
2090,0,1
2091,0,1
2092,0,2
2093,0,8
2094,0,3
2095,0,3
2096,0,1
2097,0,8
2098,1,1
2099,2,9
2100,0,2
2101,1,9
2102,0,9
2103,3,8
2104,0,2
2105,0,1
2106,0,2
2107,0,1
2108,0,2
2109,1,2
2110,0,8
2111,5,5
2112,3,3
2113,4,2
2114,0,2
2115,0,2
2116,0,2
2117,0,3
2118,0,3
2119,0,1
2120,0,6
2121,0,4
2122,2,1
2123,0,3
2124,0,1
2125,0,3
2126,0,2
2127,2,1
2128,0,3
2129,0,7
2130,0,2
2131,0,2
2132,0,1
2133,0,1
2134,0,7
2135,0,3
2136,0,2
2137,2,8
2138,0,2
2139,1,8
2140,0,1
2141,0,7
2142,0,2
2143,3,1
2144,0,2
2145,0,2
2146,0,3
2147,0,1
2148,4,1
2149,0,9
2150,1,6
2151,1,8
2152,3,1
2153,1,6
2154,0,3
2155,1,2
2156,0,3
2157,2,1
2158,0,1
2159,0,5
2160,0,9
2161,1,7
2162,0,1
2163,0,6
2164,0,6
2165,0,7
2166,0,2
2167,0,4
2168,1,3
2169,0,2
2170,0,4
2171,0,1
2172,0,1
2173,0,2
2174,0,1
2175,0,3
2176,0,2
2177,1,1
2178,0,5
2179,0,9
2180,1,1
2181,0,9
2182,0,5
2183,1,2
2184,4,2
2185,0,2
2186,0,1
2187,1,4
2188,0,5
2189,1,1
2190,1,2
2191,0,2
2192,0,1
2193,0,8
2194,0,9
2195,0,2
2196,0,3
2197,0,1
2198,0,2
2199,0,1
2200,0,4
2201,0,2
2202,0,1
2203,0,8
2204,0,2
2205,0,1
2206,0,9
2207,0,2
2208,0,1
2209,0,2
2210,5,1
2211,0,2
2212,0,6
2213,0,5
2214,4,1
2215,1,1
2216,0,1
2217,0,6
2218,0,3
2219,0,2
2220,0,3
2221,0,2
2222,0,9
2223,0,5
2224,0,4
2225,0,1
2226,1,3
2227,0,1
2228,0,2
2229,2,1
2230,1,8
2231,0,7
2232,0,2
2233,0,3
2234,0,1
2235,0,3
2236,0,3
2237,0,1
2238,0,6
2239,3,4
2240,0,1
2241,0,1
2242,0,2
2243,0,9
2244,0,3
2245,0,2
2246,0,1
2247,0,9
2248,0,2
2249,0,3
2250,0,4
2251,0,1
2252,0,2
2253,0,8
2254,2,8
2255,0,9
2256,0,4
2257,0,6
2258,0,3
2259,0,7
2260,1,1
2261,1,1
2262,0,1
2263,0,1
2264,0,2
2265,1,9
2266,0,1
2267,1,1
2268,0,1
2269,0,6
2270,0,5
2271,0,1
2272,0,1
2273,0,1
2274,0,4
2275,0,6
2276,0,3
2277,0,1
2278,1,2
2279,0,3
2280,0,2
2281,3,2
2282,1,2
2283,0,2
2284,0,5
2285,0,3
2286,0,7
2287,0,2
2288,0,1
2289,0,4
2290,0,4
2291,0,1
2292,0,3
2293,0,1
2294,0,2
2295,3,4
2296,0,1
2297,0,1
2298,0,2
2299,0,2
2300,0,1
2301,0,1
2302,0,1
2303,0,2
2304,0,3
2305,2,4
2306,2,1
2307,0,4
2308,3,1
2309,4,1
2310,0,1
2311,0,2
2312,3,1
2313,0,2
2314,0,2
2315,0,3
2316,0,1
2317,0,9
2318,2,3
2319,0,9
2320,0,1
2321,2,3
2322,0,7
2323,0,2
2324,0,1
2325,1,4
2326,0,1
2327,0,6
2328,4,1
2329,0,2
2330,0,3
2331,0,3
2332,0,2
2333,1,1
2334,0,8
2335,0,1
2336,0,2
2337,0,1
2338,0,5
2339,0,3
2340,4,4
2341,0,2
2342,0,7
2343,0,2
2344,0,5
2345,4,1
2346,2,2
2347,0,5
2348,0,1
2349,1,1
2350,0,8
2351,1,3
2352,0,5
2353,0,6
2354,0,1
2355,2,1
2356,0,6
2357,0,1
2358,0,2
2359,0,1
2360,0,1
2361,0,2
2362,0,1
2363,0,2
2364,0,2
2365,1,9
2366,0,1
2367,0,2
2368,0,1
2369,0,2
2370,0,2
2371,0,1
2372,2,1
2373,0,8
2374,0,1
2375,1,8
2376,0,1
2377,0,1
2378,0,4
2379,1,5
2380,0,2
2381,0,1
2382,1,1
2383,0,2
2384,0,1
2385,1,9
2386,0,2
2387,0,1
2388,0,5
2389,1,1
2390,0,9
2391,0,2
2392,0,1
2393,0,1
2394,0,2
2395,0,1
2396,1,8
2397,3,1
2398,0,1
2399,0,5
2400,0,1
2401,0,1
2402,1,2
2403,0,2
2404,1,3
2405,0,3
2406,0,1
2407,0,3
2408,0,2
2409,1,1
2410,0,3
2411,0,1
2412,0,8
2413,1,2
2414,0,2
2415,0,5
2416,0,7
2417,3,2
2418,0,9
2419,0,2
2420,2,2
2421,1,2
2422,0,2
2423,0,1
2424,0,1
2425,4,5
2426,0,7
2427,0,9
2428,3,2
2429,0,1
2430,0,2
2431,0,1
2432,0,3
2433,0,4
2434,0,2
2435,0,1
2436,0,2
2437,0,1
2438,0,1
2439,0,2
2440,2,8
2441,0,2
2442,0,1
2443,3,5
2444,3,9
2445,0,1
2446,0,1
2447,0,1
2448,0,2
2449,0,1
2450,0,4
2451,0,3
2452,0,5
2453,1,1
2454,0,1
2455,1,7
2456,0,3
2457,0,4
2458,0,2
2459,0,1
2460,0,9
2461,0,8
2462,0,2
2463,0,3
2464,0,4
2465,0,1
2466,0,3
2467,0,6
2468,0,2
2469,0,2
2470,0,4
2471,2,6
2472,0,6
2473,0,7
2474,0,1
2475,0,1
2476,1,1
2477,0,1
2478,0,5
2479,0,1
2480,0,2
2481,0,2
2482,1,1
2483,0,1
2484,0,1
2485,0,3
2486,0,1
2487,0,3
2488,0,2
2489,0,4
2490,0,8
2491,0,1
2492,0,8
2493,0,2
2494,0,3
2495,0,3
2496,0,1
2497,0,1
2498,0,1
2499,0,8
2500,0,7
2501,0,3
2502,0,1
2503,1,3
2504,0,2
2505,2,6
2506,0,1
2507,0,1
2508,0,2
2509,0,1
2510,0,3
2511,0,1
2512,0,1
2513,0,3
2514,0,1
2515,0,2
2516,3,1
2517,0,4
2518,0,1
2519,0,5
2520,0,8
2521,0,2
2522,0,1
2523,0,2
2524,0,1
2525,0,1
2526,0,2
2527,0,4
2528,0,8
2529,0,7
2530,0,3
2531,0,1
2532,0,7
2533,0,3
2534,0,1
2535,0,9
2536,0,9
2537,0,3
2538,0,9
2539,0,3
2540,1,2
2541,0,1
2542,0,3
2543,0,1
2544,0,1
2545,0,1
2546,0,7
2547,2,1
2548,0,1
2549,1,1
2550,0,1
2551,0,6
2552,0,1
2553,1,1
2554,0,3
2555,1,1
2556,0,1
2557,2,9
2558,3,9
2559,3,1
2560,0,4
2561,3,2
2562,0,2
2563,0,1
2564,0,3
2565,0,1
2566,0,2
2567,0,9
2568,0,8
2569,0,2
2570,0,1
2571,0,9
2572,0,1
2573,0,1
2574,0,1
2575,0,8
2576,0,8
2577,2,8
2578,0,8
2579,0,3
2580,0,3
2581,0,8
2582,0,1
2583,0,2
2584,0,2
2585,0,3
2586,0,1
2587,0,2
2588,0,1
2589,0,1
2590,0,9
2591,0,9
2592,0,1
2593,0,9
2594,0,1
2595,0,6
2596,1,7
2597,1,1
2598,1,2
2599,0,1
2600,2,2
2601,0,1
2602,0,2
2603,0,9
2604,0,1
2605,1,2
2606,0,1
2607,0,7
2608,0,1
2609,0,5
2610,0,3
2611,0,1
2612,0,1
2613,0,9
2614,0,3
2615,0,2
2616,2,6
2617,0,1
2618,0,2
2619,0,1
2620,3,9
2621,0,8
2622,0,1
2623,0,1
2624,0,1
2625,0,2
2626,1,1
2627,0,1
2628,0,1
2629,0,3
2630,0,7
2631,0,9
2632,0,2
2633,0,2
2634,0,1
2635,0,2
2636,0,2
2637,0,9
2638,0,4
2639,0,1
2640,0,4
2641,0,1
2642,0,3
2643,0,1
2644,0,2
2645,0,4
2646,1,7
2647,0,1
2648,2,3
2649,0,3
2650,0,1
2651,1,4
2652,0,2
2653,2,1
2654,0,9
2655,0,1
2656,0,5
2657,0,1
2658,0,3
2659,0,6
2660,0,3
2661,0,3
2662,0,3
2663,0,6
2664,0,2
2665,0,7
2666,0,1
2667,1,6
2668,1,1
2669,0,5
2670,0,1
2671,0,6
2672,0,5
2673,0,3
2674,0,1
2675,0,4
2676,0,8
2677,0,8
2678,0,8
2679,1,1
2680,0,1
2681,0,5
2682,1,3
2683,0,7
2684,1,1
2685,0,3
2686,0,1
2687,0,1
2688,0,1
2689,0,3
2690,0,7
2691,4,3
2692,0,3
2693,0,4
2694,0,1
2695,0,1
2696,0,3
2697,0,4
2698,0,3
2699,0,1
2700,0,3
2701,0,1
2702,0,2
2703,0,3
2704,0,2
2705,0,1
2706,0,6
2707,0,4
2708,0,4
2709,0,2
2710,0,3
2711,3,3
2712,0,1
2713,0,2
2714,4,4
2715,0,7
2716,0,3
2717,0,3
2718,0,1
2719,0,1
2720,0,2
2721,2,1
2722,0,2
2723,0,4
2724,1,5
2725,0,1
2726,2,3
2727,0,9
2728,0,5
2729,3,1
2730,0,1
2731,5,1
2732,1,1
2733,0,1
2734,0,1
2735,0,2
2736,0,1
2737,0,1
2738,0,2
2739,0,5
2740,1,3
2741,0,3
2742,0,1
2743,0,3
2744,0,7
2745,0,1
2746,0,2
2747,0,1
2748,0,1
2749,1,2
2750,0,1
2751,0,1
2752,0,5
2753,0,1
2754,1,1
2755,0,4
2756,0,2
2757,0,1
2758,2,9
2759,0,2
2760,0,1
2761,2,2
2762,0,1
2763,0,1
2764,0,2
2765,0,1
2766,3,1
2767,0,1
2768,1,3
2769,0,2
2770,0,2
2771,3,1
2772,0,3
2773,0,1
2774,0,2
2775,0,2
2776,0,1
2777,0,2
2778,0,1
2779,0,2
2780,0,2
2781,0,1
2782,0,3
2783,0,1
2784,2,2
2785,0,1
2786,0,2
2787,0,1
2788,3,2
2789,0,3
2790,0,1
2791,0,3
2792,0,2
2793,0,3
2794,0,9
2795,2,2
2796,0,1
2797,0,4
2798,0,1
2799,4,1
2800,0,8
2801,0,5
2802,0,2
2803,0,1
2804,0,2
2805,2,6
2806,0,1
2807,1,2
2808,0,1
2809,0,2
2810,0,9
2811,1,1
2812,0,1
2813,0,5
2814,0,1
2815,0,1
2816,0,2
2817,0,1
2818,0,2
2819,0,1
2820,0,3
2821,0,1
2822,2,8
2823,0,1
2824,0,4
2825,0,2
2826,0,3
2827,0,3
2828,0,1
2829,2,1
2830,0,3
2831,0,5
2832,2,1
2833,0,5
2834,1,2
2835,0,2
2836,1,2
2837,1,1
2838,0,1
2839,0,1
2840,0,1
2841,0,9
2842,0,9
2843,0,2
2844,0,2
2845,0,3
2846,0,9
2847,0,6
2848,0,9
2849,0,7
2850,0,4
2851,1,6
2852,1,2
2853,0,2
2854,0,1
2855,0,7
2856,0,1
2857,1,6
2858,0,7
2859,0,3
2860,0,1
2861,0,2
2862,0,1
2863,0,2
2864,3,1
2865,0,9
2866,0,4
2867,0,7
2868,0,3
2869,2,8
2870,0,1
2871,1,1
2872,0,9
2873,0,1
2874,0,2
2875,0,1
2876,0,5
2877,0,1
2878,0,3
2879,0,3
2880,0,8
2881,0,5
2882,0,2
2883,0,1
2884,0,8
2885,0,1
2886,0,1
2887,1,7
2888,1,1
2889,0,1
2890,0,1
2891,3,5
2892,0,8
2893,0,1
2894,0,1
2895,0,3
2896,4,3
2897,0,2
2898,0,2
2899,0,1
2900,0,4
2901,0,8
2902,0,1
2903,0,1
2904,1,1
2905,0,2
2906,0,1
2907,0,5
2908,0,2
2909,0,5
2910,0,2
2911,0,2
2912,0,8
2913,0,3
2914,3,2
2915,0,1
2916,0,3
2917,4,1
2918,0,2
2919,0,2
2920,0,2
2921,0,7
2922,1,3
2923,0,3
2924,0,1
2925,0,1
2926,0,3
2927,0,9
2928,0,1
2929,1,3
2930,1,2
2931,2,2
2932,0,5
2933,0,2
2934,0,1
2935,0,1
2936,5,2
2937,0,2
2938,3,2
2939,0,1
2940,0,3
2941,0,3
2942,0,2
2943,0,8
2944,4,2
2945,0,3
2946,1,1
2947,0,1
2948,3,1
2949,0,9
2950,0,5
2951,0,1
2952,0,1
2953,2,2
2954,1,3
2955,0,1
2956,1,1
2957,3,5
2958,2,2
2959,0,1
2960,1,4
2961,0,1
2962,0,1
2963,1,2
2964,0,1
2965,0,5
2966,0,2
2967,0,2
2968,0,3
2969,3,1
2970,0,1
2971,0,1
2972,0,2
2973,0,8
2974,0,5
2975,3,1
2976,0,1
2977,1,3
2978,0,2
2979,0,2
2980,1,4
2981,0,2
2982,1,2
2983,0,2
2984,0,1
2985,3,2
2986,0,1
2987,0,9
2988,0,1
2989,0,5
2990,0,9
2991,0,6
2992,0,8
2993,0,5
2994,0,1
2995,0,7
2996,0,7
2997,2,3
2998,0,1
2999,3,6
3000,1,2
3001,0,2
3002,0,1
3003,0,1
3004,0,6
3005,1,1
3006,0,1
3007,0,2
3008,1,2
3009,0,1
3010,0,1
3011,1,3
3012,0,2
3013,0,2
3014,0,9
3015,0,3
3016,0,1
3017,1,1
3018,0,8
3019,0,7
3020,0,1
3021,1,1
3022,0,7
3023,1,6
3024,0,1
3025,1,9
3026,0,2
3027,0,2
3028,1,2
3029,0,1
3030,0,3
3031,0,1
3032,0,3
3033,4,1
3034,3,6
3035,0,1
3036,1,8
3037,0,6
3038,0,1
3039,0,2
3040,0,7
3041,0,1
3042,0,4
3043,0,1
3044,0,1
3045,0,1
3046,0,4
3047,0,9
3048,0,9
3049,0,1
3050,1,1
3051,0,3
3052,0,1
3053,0,3
3054,0,2
3055,0,7
3056,0,1
3057,0,2
3058,0,1
3059,0,3
3060,1,3
3061,1,1
3062,0,2
3063,0,1
3064,0,2
3065,0,1
3066,0,1
3067,0,5
3068,0,3
3069,0,4
3070,0,1
3071,0,3
3072,0,8
3073,0,2
3074,0,6
3075,0,2
3076,0,3
3077,0,8
3078,0,6
3079,0,1
3080,0,3
3081,1,1
3082,0,6
3083,0,2
3084,0,1
3085,0,1
3086,0,3
3087,0,2
3088,0,3
3089,2,1
3090,2,7
3091,0,1
3092,0,2
3093,0,3
3094,0,1
3095,0,1
3096,0,1
3097,0,3
3098,0,1
3099,0,2
3100,0,2
3101,2,5
3102,0,6
3103,0,1
3104,0,2
3105,0,2
3106,0,3
3107,0,4
3108,0,4
3109,0,2
3110,0,5
3111,1,1
3112,0,7
3113,0,1
3114,0,8
3115,0,3
3116,1,1
3117,0,1
3118,0,7
3119,0,4
3120,0,3
3121,0,2
3122,0,1
3123,0,2
3124,0,1
3125,0,1
3126,0,1
3127,0,7
3128,0,3
3129,0,5
3130,0,1
3131,0,6
3132,0,2
3133,0,6
3134,0,2
3135,2,2
3136,0,2
3137,0,1
3138,2,4
3139,0,2
3140,0,9
3141,0,2
3142,1,1
3143,0,3
3144,0,1
3145,0,2
3146,0,9
3147,1,9
3148,1,2
3149,0,2
3150,0,2
3151,0,7
3152,0,4
3153,0,1
3154,0,4
3155,0,2
3156,1,2
3157,0,5
3158,1,1
3159,0,1
3160,0,2
3161,0,6
3162,0,2
3163,0,9
3164,0,3
3165,0,6
3166,0,4
3167,0,3
3168,0,2
3169,0,9
3170,0,1
3171,0,2
3172,1,1
3173,0,3
3174,0,1
3175,0,1
3176,0,1
3177,0,2
3178,2,1
3179,0,2
3180,1,8
3181,0,2
3182,0,1
3183,0,7
3184,0,2
3185,1,2
3186,0,8
3187,0,3
3188,0,8
3189,2,1
3190,0,1
3191,0,7
3192,1,1
3193,0,1
3194,2,2
3195,0,1
3196,0,3
3197,0,1
3198,0,2
3199,0,2
3200,1,1
3201,0,1
3202,1,2
3203,0,2
3204,5,5
3205,0,6
3206,0,1
3207,0,2
3208,0,1
3209,0,2
3210,0,2
3211,0,3
3212,0,7
3213,0,4
3214,0,1
3215,0,6
3216,1,1
3217,0,2
3218,0,2
3219,0,1
3220,2,2
3221,1,1
3222,1,2
3223,0,9
3224,0,1
3225,0,1
3226,0,2
3227,0,5
3228,0,2
3229,3,2
3230,0,1
3231,5,1
3232,2,2
3233,3,2
3234,1,1
3235,0,1
3236,1,5
3237,0,3
3238,0,2
3239,1,1
3240,0,2
3241,0,9
3242,0,2
3243,0,5
3244,0,1
3245,0,3
3246,0,8
3247,3,3
3248,1,4
3249,1,2
3250,0,1
3251,0,1
3252,0,2
3253,0,1
3254,0,1
3255,2,2
3256,3,9
3257,1,4
3258,0,6
3259,0,2
3260,0,2
3261,0,1
3262,0,3
3263,0,9
3264,0,2
3265,0,1
3266,1,9
3267,1,2
3268,0,9
3269,0,6
3270,1,3
3271,3,3
3272,0,3
3273,0,6
3274,0,3
3275,1,1
3276,0,3
3277,0,2
3278,0,3
3279,0,9
3280,0,4
3281,0,3
3282,3,9
3283,2,2
3284,0,2
3285,0,2
3286,0,6
3287,0,1
3288,0,3
3289,1,8
3290,0,1
3291,0,1
3292,0,2
3293,0,2
3294,0,1
3295,0,7
3296,0,8
3297,0,2
3298,0,1
3299,1,5
3300,0,1
3301,0,7
3302,0,3
3303,0,2
3304,0,1
3305,0,1
3306,0,3
3307,4,1
3308,0,2
3309,0,2
3310,0,7
3311,0,1
3312,0,9
3313,2,1
3314,0,1
3315,0,1
3316,0,1
3317,0,2
3318,0,1
3319,0,3
3320,0,1
3321,1,1
3322,0,9
3323,0,8
3324,0,1
3325,0,2
3326,1,3
3327,1,1
3328,3,3
3329,1,7
3330,2,1
3331,0,7
3332,0,7
3333,1,2
3334,0,2
3335,0,1
3336,0,1
3337,0,9
3338,0,8
3339,0,2
3340,0,1
3341,3,9
3342,0,1
3343,0,1
3344,0,2
3345,0,6
3346,0,1
3347,0,1
3348,1,2
3349,0,2
3350,0,2
3351,0,1
3352,0,7
3353,1,3
3354,0,2
3355,1,1
3356,0,1
3357,0,9
3358,0,1
3359,0,9
3360,3,3
3361,0,6
3362,0,1
3363,0,8
3364,0,2
3365,2,2
3366,0,2
3367,0,3
3368,0,9
3369,0,2
3370,0,1
3371,0,1
3372,0,2
3373,1,9
3374,0,1
3375,0,1
3376,0,1
3377,0,1
3378,0,5
3379,0,3
3380,0,6
3381,1,1
3382,0,3
3383,0,1
3384,0,9
3385,0,3
3386,0,7
3387,1,2
3388,0,1
3389,0,3
3390,0,3
3391,0,1
3392,0,7
3393,4,1
3394,0,1
3395,0,9
3396,4,1
3397,0,1
3398,0,2
3399,0,2
3400,0,1
3401,0,1
3402,1,4
3403,1,7
3404,4,2
3405,0,4
3406,4,1
3407,0,2
3408,0,1
3409,0,7
3410,0,5
3411,0,3
3412,0,1
3413,0,7
3414,0,1
3415,0,8
3416,0,6
3417,0,1
3418,0,2
3419,1,7
3420,0,6
3421,0,1
3422,0,2
3423,0,1
3424,0,4
3425,0,1
3426,0,1
3427,0,7
3428,0,1
3429,0,1
3430,0,2
3431,0,3
3432,3,1
3433,1,9
3434,0,3
3435,0,1
3436,0,3
3437,0,1
3438,0,1
3439,0,8
3440,0,3
3441,0,1
3442,0,1
3443,1,1
3444,0,6
3445,0,2
3446,0,8
3447,2,1
3448,1,1
3449,0,5
3450,2,8
3451,1,7
3452,0,2
3453,0,2
3454,0,1
3455,4,8
3456,0,2
3457,0,2
3458,0,1
3459,2,3
3460,0,1
3461,0,1
3462,3,3
3463,0,2
3464,2,1
3465,0,2
3466,0,3
3467,0,2
3468,0,1
3469,0,1
3470,0,1
3471,0,2
3472,1,3
3473,1,1
3474,3,1
3475,0,1
3476,0,9
3477,0,5
3478,0,1
3479,0,2
3480,0,1
3481,0,1
3482,0,2
3483,0,1
3484,0,1
3485,0,6
3486,1,1
3487,1,3
3488,1,3
3489,0,1
3490,0,7
3491,0,3
3492,0,6
3493,0,2
3494,0,7
3495,0,3
3496,0,1
3497,0,8
3498,0,2
3499,1,5
3500,0,1
3501,0,1
3502,0,1
3503,0,3
3504,0,2
3505,0,5
3506,0,1
3507,0,3
3508,3,1
3509,0,1
3510,1,1
3511,0,2
3512,0,1
3513,0,2
3514,0,2
3515,0,2
3516,0,1
3517,0,5
3518,0,2
3519,0,3
3520,0,3
3521,0,1
3522,3,1
3523,0,1
3524,0,1
3525,0,2
3526,0,1
3527,2,1
3528,0,1
3529,0,3
3530,0,1
3531,0,2
3532,0,2
3533,0,1
3534,4,6
3535,1,2
3536,0,1
3537,0,9
3538,2,2
3539,0,9
3540,0,6
3541,2,4
3542,1,3
3543,0,2
3544,1,1
3545,0,2
3546,0,1
3547,0,1
3548,0,5
3549,1,2
3550,0,3
3551,0,2
3552,0,1
3553,0,6
3554,1,7
3555,0,2
3556,0,2
3557,2,1
3558,0,3
3559,0,1
3560,0,1
3561,3,8
3562,1,2
3563,0,2
3564,0,7
3565,0,1
3566,0,2
3567,0,6
3568,0,8
3569,0,2
3570,0,2
3571,0,2
3572,0,1
3573,0,1
3574,0,2
3575,0,2
3576,1,3
3577,4,1
3578,0,1
3579,0,1
3580,0,2
3581,0,2
3582,1,2
3583,0,1
3584,0,5
3585,2,2
3586,0,1
3587,0,2
3588,3,5
3589,0,1
3590,0,5
3591,0,5
3592,0,2
3593,0,3
3594,1,1
3595,0,2
3596,2,6
3597,1,2
3598,0,9
3599,0,3
3600,0,1
3601,0,1
3602,0,7
3603,0,9
3604,0,1
3605,0,1
3606,1,2
3607,0,1
3608,0,2
3609,0,2
3610,0,7
3611,0,5
3612,1,1
3613,0,1
3614,0,1
3615,4,3
3616,0,1
3617,0,5
3618,0,1
3619,0,1
3620,0,2
3621,0,1
3622,0,6
3623,0,2
3624,0,3
3625,0,1
3626,0,2
3627,1,9
3628,0,2
3629,0,1
3630,0,5
3631,0,8
3632,2,1
3633,0,1
3634,0,2
3635,1,3
3636,2,1
3637,0,1
3638,0,3
3639,1,3
3640,0,5
3641,0,1
3642,0,6
3643,2,2
3644,0,1
3645,0,9
3646,0,8
3647,0,7
3648,0,1
3649,0,8
3650,1,7
3651,0,6
3652,0,1
3653,0,1
3654,0,3
3655,0,2
3656,1,7
3657,1,2
3658,1,5
3659,0,3
3660,0,1
3661,0,3
3662,0,2
3663,1,6
3664,0,1
3665,4,1
3666,0,1
3667,0,1
3668,0,1
3669,0,1
3670,0,2
3671,0,1
3672,0,9
3673,4,1
3674,0,7
3675,0,1
3676,0,2
3677,0,2
3678,0,9
3679,0,3
3680,0,1
3681,2,3
3682,0,8
3683,2,3
3684,0,2
3685,0,6
3686,0,2
3687,0,4
3688,0,6
3689,0,3
3690,0,3
3691,1,2
3692,0,2
3693,0,8
3694,0,8
3695,0,2
3696,0,6
3697,0,9
3698,0,2
3699,0,8
3700,0,2
3701,0,1
3702,0,5
3703,0,3
3704,0,8
3705,2,3
3706,0,1
3707,0,6
3708,0,1
3709,0,4
3710,1,1
3711,0,2
3712,0,1
3713,0,1
3714,1,6
3715,0,4
3716,0,2
3717,0,2
3718,0,2
3719,0,9
3720,0,1
3721,0,2
3722,0,6
3723,2,3
3724,0,2
3725,3,2
3726,0,4
3727,0,3
3728,0,3
3729,0,2
3730,0,3
3731,0,1
3732,1,3
3733,0,7
3734,0,1
3735,0,1
3736,0,9
3737,0,3
3738,0,1
3739,0,7
3740,0,1
3741,0,9
3742,0,2
3743,0,1
3744,0,6
3745,0,2
3746,0,1
3747,0,1
3748,1,6
3749,0,3
3750,1,1
3751,0,2
3752,1,3
3753,0,3
3754,0,7
3755,0,1
3756,0,2
3757,0,1
3758,0,1
3759,0,3
3760,0,2
3761,0,2
3762,0,7
3763,0,2
3764,0,1
3765,0,1
3766,0,1
3767,0,3
3768,0,3
3769,0,2
3770,0,4
3771,0,4
3772,0,1
3773,0,3
3774,0,9
3775,0,6
3776,0,2
3777,0,3
3778,0,1
3779,0,1
3780,0,1
3781,0,2
3782,1,2
3783,1,4
3784,0,3
3785,0,1
3786,0,7
3787,1,1
3788,0,1
3789,0,2
3790,0,2
3791,0,2
3792,0,7
3793,4,3
3794,0,1
3795,0,1
3796,0,9
3797,0,9
3798,1,2
3799,0,7
3800,0,1
3801,0,2
3802,5,2
3803,0,4
3804,0,2
3805,0,7
3806,0,6
3807,0,2
3808,0,8
3809,1,1
3810,4,1
3811,0,1
3812,1,9
3813,3,1
3814,0,1
3815,0,5
3816,0,8
3817,0,1
3818,0,7
3819,0,3
3820,0,1
3821,0,2
3822,0,1
3823,0,1
3824,0,2
3825,1,2
3826,1,2
3827,2,3
3828,0,2
3829,0,8
3830,0,1
3831,0,1
3832,0,5
3833,0,1
3834,2,1
3835,0,1
3836,0,2
3837,0,1
3838,2,2
3839,0,3
3840,0,1
3841,0,3
3842,0,1
3843,0,3
3844,0,1
3845,0,6
3846,1,2
3847,0,1
3848,1,4
3849,0,2
3850,0,2
3851,0,1
3852,2,3
3853,0,1
3854,0,1
3855,0,2
3856,1,3
3857,0,5
3858,2,2
3859,1,3
3860,0,1
3861,0,1
3862,0,1
3863,0,1
3864,0,8
3865,0,1
3866,2,2
3867,0,1
3868,0,3
3869,0,2
3870,1,1
3871,2,7
3872,0,8
3873,0,2
3874,0,8
3875,0,3
3876,0,5
3877,0,7
3878,0,6
3879,0,1
3880,0,1
3881,1,6
3882,0,2
3883,0,7
3884,0,1
3885,0,2
3886,2,7
3887,0,5
3888,3,9
3889,0,7
3890,2,7
3891,0,1
3892,0,1
3893,0,1
3894,0,1
3895,1,1
3896,2,1
3897,0,4
3898,0,2
3899,1,3
3900,0,2
3901,1,2
3902,0,7
3903,0,4
3904,1,1
3905,0,2
3906,0,2
3907,1,1
3908,0,5
3909,0,4
3910,0,1
3911,0,4
3912,0,1
3913,0,1
3914,0,8
3915,0,2
3916,0,1
3917,0,7
3918,0,2
3919,1,1
3920,1,9
3921,0,7
3922,3,6
3923,1,1
3924,0,2
3925,0,1
3926,0,1
3927,0,4
3928,0,2
3929,0,2
3930,5,5
3931,0,3
3932,2,6
3933,2,1
3934,0,6
3935,0,2
3936,0,2
3937,0,5
3938,0,1
3939,0,1
3940,0,2
3941,0,1
3942,0,5
3943,0,2
3944,0,2
3945,0,7
3946,3,2
3947,0,4
3948,0,1
3949,0,1
3950,0,1
3951,0,6
3952,0,1
3953,0,4
3954,0,7
3955,0,1
3956,0,1
3957,0,1
3958,0,3
3959,0,1
3960,1,2
3961,0,2
3962,0,1
3963,0,9
3964,0,1
3965,0,2
3966,0,1
3967,0,1
3968,0,1
3969,0,3
3970,0,2
3971,2,2
3972,0,3
3973,0,3
3974,0,7
3975,0,3
3976,4,1
3977,0,4
3978,0,8
3979,1,2
3980,0,2
3981,0,2
3982,0,6
3983,0,1
3984,0,2
3985,0,7
3986,0,1
3987,1,2
3988,1,2
3989,0,1
3990,1,3
3991,0,1
3992,1,2
3993,0,2
3994,0,1
3995,0,1
3996,1,2
3997,0,7
3998,0,7
3999,0,3
4000,0,7
4001,0,2
4002,1,2
4003,1,2
4004,0,8
4005,1,2
4006,0,1
4007,0,4
4008,0,3
4009,0,1
4010,2,3
4011,0,1
4012,0,1
4013,0,3
4014,0,1
4015,3,2
4016,0,1
4017,0,3
4018,0,1
4019,0,2
4020,0,9
4021,0,2
4022,0,3
4023,0,1
4024,0,2
4025,0,1
4026,0,1
4027,2,7
4028,0,3
4029,0,1
4030,0,8
4031,0,3
4032,0,1
4033,0,2
4034,0,2
4035,0,3
4036,0,2
4037,0,1
4038,1,1
4039,2,2
4040,0,6
4041,1,1
4042,0,2
4043,0,5
4044,0,8
4045,0,2
4046,0,1
4047,0,6
4048,2,1
4049,0,2
4050,2,5
4051,0,2
4052,0,7
4053,1,1
4054,0,3
4055,0,8
4056,0,2
4057,0,5
4058,0,1
4059,0,1
4060,1,1
4061,0,3
4062,0,2
4063,1,2
4064,1,1
4065,0,1
4066,0,7
4067,0,5
4068,0,3
4069,0,7
4070,0,9
4071,0,9
4072,0,1
4073,0,2
4074,0,2
4075,0,1
4076,0,1
4077,0,2
4078,0,2
4079,1,1
4080,0,1
4081,1,2
4082,0,1
4083,5,1
4084,0,3
4085,0,2
4086,0,1
4087,0,6
4088,0,1
4089,0,2
4090,0,4
4091,0,1
4092,0,1
4093,0,4
4094,0,2
4095,0,3
4096,0,1
4097,0,2
4098,0,1
4099,2,2
4100,0,7
4101,0,1
4102,1,1
4103,0,2
4104,0,1
4105,0,7
4106,0,3
4107,0,8
4108,0,5
4109,2,1
4110,0,5
4111,0,3
4112,0,1
4113,0,1
4114,0,2
4115,0,2
4116,0,1
4117,0,3
4118,0,3
4119,1,1
4120,0,1
4121,1,3
4122,1,2
4123,0,2
4124,0,1
4125,0,1
4126,0,2
4127,0,1
4128,1,2
4129,0,4
4130,3,8
4131,0,2
4132,0,7
4133,0,3
4134,0,2
4135,1,1
4136,0,1
4137,1,4
4138,0,1
4139,0,7
4140,0,5
4141,0,1
4142,3,8
4143,1,3
4144,0,1
4145,0,3
4146,0,1
4147,0,1
4148,0,2
4149,0,1
4150,0,2
4151,0,2
4152,0,3
4153,1,1
4154,0,3
4155,3,1
4156,0,2
4157,0,2
4158,0,5
4159,0,1
4160,0,3
4161,0,3
4162,0,6
4163,0,1
4164,0,5
4165,0,3
4166,0,9
4167,0,1
4168,0,1
4169,0,8
4170,3,7
4171,0,1
4172,0,9
4173,0,6
4174,0,1
4175,0,2
4176,0,2
4177,0,2
4178,1,1
4179,0,2
4180,0,3
4181,0,3
4182,0,6
4183,0,1
4184,1,2
4185,0,6
4186,0,3
4187,0,3
4188,0,2
4189,0,2
4190,0,3
4191,1,3
4192,2,9
4193,3,1
4194,3,2
4195,0,2
4196,0,2
4197,0,3
4198,0,5
4199,0,3
4200,0,1
4201,1,8
4202,0,3
4203,0,6
4204,0,1
4205,2,2
4206,1,1
4207,0,8
4208,0,1
4209,0,2
4210,4,7
4211,0,3
4212,0,1
4213,1,3
4214,0,9
4215,0,1
4216,0,3
4217,0,9
4218,0,2
4219,0,5
4220,0,7
4221,0,4
4222,2,3
4223,0,3
4224,1,4
4225,2,1
4226,1,3
4227,0,7
4228,1,3
4229,0,3
4230,0,4
4231,0,7
4232,1,2
4233,0,2
4234,0,2
4235,0,2
4236,0,1
4237,3,9
4238,1,1
4239,1,4
4240,0,2
4241,2,5
4242,1,4
4243,0,1
4244,0,1
4245,0,1
4246,0,9
4247,0,1
4248,0,7
4249,0,2
4250,0,6
4251,0,4
4252,0,4
4253,0,3
4254,0,9
4255,0,2
4256,0,2
4257,0,5
4258,0,2
4259,1,1
4260,0,8
4261,0,8
4262,0,2
4263,0,2
4264,0,3
4265,0,2
4266,0,2
4267,1,2
4268,0,5
4269,3,1
4270,0,4
4271,0,1
4272,0,1
4273,0,7
4274,0,2
4275,0,3
4276,0,3
4277,0,2
4278,0,8
4279,0,1
4280,0,6
4281,0,4
4282,3,4
4283,0,2
4284,1,1
4285,3,2
4286,0,1
4287,0,6
4288,0,7
4289,0,1
4290,0,2
4291,0,5
4292,0,1
4293,0,2
4294,0,8
4295,0,3
4296,0,2
4297,0,2
4298,1,2
4299,3,6
4300,0,1
4301,0,2
4302,0,6
4303,0,2
4304,1,4
4305,0,3
4306,0,2
4307,0,2
4308,1,3
4309,0,1
4310,0,2
4311,0,2
4312,0,1
4313,1,8
4314,4,1
4315,0,1
4316,0,2
4317,0,2
4318,0,5
4319,0,3
4320,0,9
4321,2,1
4322,0,1
4323,0,2
4324,3,1
4325,0,2
4326,0,2
4327,0,2
4328,1,2
4329,0,2
4330,0,5
4331,0,3
4332,0,3
4333,0,3
4334,0,4
4335,1,6
4336,0,1
4337,0,2
4338,0,3
4339,0,1
4340,4,1
4341,0,7
4342,1,7
4343,0,1
4344,2,1
4345,0,4
4346,0,4
4347,0,1
4348,0,2
4349,1,3
4350,0,2
4351,0,2
4352,1,5
4353,0,1
4354,0,1
4355,0,2
4356,0,1
4357,0,8
4358,0,2
4359,2,4
4360,2,2
4361,0,3
4362,0,1
4363,0,9
4364,0,2
4365,0,2
4366,0,8
4367,0,2
4368,3,4
4369,0,2
4370,0,1
4371,0,1
4372,0,6
4373,1,6
4374,0,7
4375,0,2
4376,2,1
4377,0,1
4378,0,3
4379,0,3
4380,0,7
4381,0,1
4382,0,3
4383,0,1
4384,0,1
4385,0,3
4386,0,3
4387,0,4
4388,1,2
4389,0,4
4390,0,2
4391,0,4
4392,0,4
4393,3,1
4394,0,1
4395,0,3
4396,0,1
4397,0,2
4398,0,1
4399,0,2
4400,0,2
4401,0,1
4402,0,2
4403,2,2
4404,0,1
4405,0,7
4406,0,4
4407,0,7
4408,1,1
4409,0,3
4410,0,1
4411,0,1
4412,0,1
4413,1,4
4414,0,1
4415,0,3
4416,5,6
4417,0,2
4418,0,7
4419,0,7
4420,0,2
4421,0,2
4422,0,1
4423,0,1
4424,0,1
4425,0,5
4426,0,2
4427,0,1
4428,0,2
4429,0,3
4430,0,9
4431,1,1
4432,4,8
4433,0,3
4434,0,1
4435,0,1
4436,0,1
4437,5,3
4438,0,9
4439,0,3
4440,0,1
4441,0,5
4442,0,1
4443,0,2
4444,0,3
4445,0,2
4446,0,2
4447,0,1
4448,0,3
4449,0,3
4450,0,2
4451,0,2
4452,1,2
4453,0,3
4454,0,9
4455,0,2
4456,0,6
4457,1,8
4458,0,1
4459,0,7
4460,0,7
4461,0,1
4462,0,1
4463,0,4
4464,0,2
4465,0,1
4466,0,4
4467,4,3
4468,0,2
4469,2,3
4470,0,7
4471,0,1
4472,0,3
4473,0,1
4474,0,1
4475,3,9
4476,0,8
4477,0,2
4478,0,2
4479,4,1
4480,0,1
4481,0,2
4482,0,1
4483,0,2
4484,0,1
4485,4,3
4486,0,5
4487,0,8
4488,0,2
4489,0,1
4490,0,2
4491,1,2
4492,0,2
4493,3,1
4494,0,4
4495,0,7
4496,0,4
4497,1,2
4498,5,1
4499,0,2
4500,0,8
4501,0,1
4502,0,1
4503,0,1
4504,0,1
4505,0,1
4506,1,1
4507,0,5
4508,0,1
4509,0,5
4510,0,4
4511,0,1
4512,5,5
4513,0,9
4514,0,1
4515,3,1
4516,0,3
4517,0,3
4518,0,1
4519,0,1
4520,2,2
4521,0,9
4522,0,1
4523,1,1
4524,0,3
4525,0,1
4526,0,8
4527,0,9
4528,2,1
4529,0,6
4530,1,9
4531,0,1
4532,1,9
4533,0,1
4534,0,2
4535,0,1
4536,4,1
4537,0,2
4538,0,1
4539,1,2
4540,0,1
4541,0,5
4542,0,2
4543,0,2
4544,0,2
4545,1,2
4546,0,9
4547,1,8
4548,0,3
4549,0,1
4550,0,4
4551,2,2
4552,0,1
4553,0,6
4554,0,1
4555,3,2
4556,1,1
4557,0,2
4558,0,5
4559,0,6
4560,0,1
4561,0,1
4562,0,7
4563,0,2
4564,0,1
4565,0,2
4566,2,1
4567,0,6
4568,3,5
4569,0,1
4570,0,2
4571,0,3
4572,0,1
4573,0,2
4574,2,1
4575,0,1
4576,0,6
4577,0,3
4578,0,2
4579,0,3
4580,0,7
4581,0,7
4582,0,5
4583,3,6
4584,3,2
4585,0,1
4586,0,2
4587,0,2
4588,0,1
4589,0,1
4590,0,9
4591,0,7
4592,0,2
4593,2,1
4594,0,6
4595,0,5
4596,0,1
4597,0,1
4598,0,8
4599,0,3
4600,0,1
4601,0,7
4602,2,2
4603,0,6
4604,0,1
4605,0,2
4606,5,2
4607,1,1
4608,0,2
4609,0,2
4610,0,5
4611,1,3
4612,0,1
4613,0,1
4614,0,8
4615,1,2
4616,0,9
4617,0,1
4618,1,4
4619,0,8
4620,0,8
4621,0,3
4622,0,3
4623,0,1
4624,0,1
4625,0,2
4626,0,7
4627,0,7
4628,1,6
4629,1,1
4630,0,1
4631,3,1
4632,0,1
4633,0,3
4634,0,8
4635,0,5
4636,0,2
4637,0,1
4638,0,2
4639,0,8
4640,0,2
4641,0,1
4642,1,2
4643,0,1
4644,0,2
4645,0,1
4646,0,9
4647,0,6
4648,4,1
4649,0,2
4650,0,5
4651,0,1
4652,0,9
4653,0,4
4654,0,2
4655,0,2
4656,0,9
4657,0,1
4658,0,1
4659,1,3
4660,0,1
4661,0,1
4662,0,5
4663,0,1
4664,0,1
4665,0,1
4666,5,3
4667,0,4
4668,0,1
4669,0,8
4670,0,2
4671,1,2
4672,0,3
4673,0,1
4674,0,1
4675,0,2
4676,0,7
4677,0,2
4678,0,1
4679,0,9
4680,0,3
4681,0,1
4682,0,6
4683,1,5
4684,0,2
4685,0,7
4686,0,2
4687,0,1
4688,0,1
4689,0,1
4690,0,5
4691,0,1
4692,0,4
4693,0,1
4694,0,3
4695,0,2
4696,1,1
4697,1,1
4698,0,4
4699,4,2
4700,0,1
4701,2,9
4702,1,1
4703,1,4
4704,0,1
4705,0,9
4706,0,1
4707,0,4
4708,0,3
4709,0,1
4710,0,1
4711,1,1
4712,4,1
4713,0,4
4714,0,2
4715,1,1
4716,1,1
4717,0,1
4718,0,2
4719,0,7
4720,0,2
4721,0,2
4722,0,4
4723,1,3
4724,0,8
4725,0,1
4726,0,5
4727,0,1
4728,0,1
4729,0,5
4730,0,3
4731,1,7
4732,0,2
4733,1,3
4734,1,9
4735,5,7
4736,0,1
4737,1,3
4738,0,1
4739,0,1
4740,2,2
4741,0,1
4742,0,5
4743,1,2
4744,0,4
4745,0,1
4746,1,1
4747,0,2
4748,0,6
4749,0,1
4750,0,1
4751,0,1
4752,0,2
4753,2,9
4754,0,9
4755,0,3
4756,0,1
4757,0,1
4758,4,1
4759,0,1
4760,0,4
4761,0,7
4762,0,3
4763,1,3
4764,1,2
4765,0,1
4766,0,5
4767,0,9
4768,0,3
4769,0,7
4770,0,1
4771,0,2
4772,0,8
4773,0,1
4774,1,1
4775,0,9
4776,0,4
4777,0,8
4778,2,9
4779,0,1
4780,0,5
4781,0,1
4782,0,9
4783,5,3
4784,0,8
4785,0,9
4786,0,2
4787,0,1
4788,0,1
4789,0,4
4790,0,1
4791,0,7
4792,0,1
4793,2,8
4794,3,2
4795,0,1
4796,0,2
4797,0,2
4798,1,1
4799,0,1
4800,0,1
4801,5,4
4802,4,2
4803,2,2
4804,0,9
4805,0,1
4806,0,2
4807,0,4
4808,1,2
4809,0,5
4810,0,3
4811,0,2
4812,0,1
4813,0,2
4814,0,2
4815,0,1
4816,0,6
4817,0,3
4818,4,1
4819,0,6
4820,0,9
4821,2,6
4822,0,1
4823,0,9
4824,0,8
4825,0,1
4826,0,2
4827,0,9
4828,0,9
4829,0,1
4830,1,1
4831,0,1
4832,0,1
4833,0,3
4834,0,1
4835,1,1
4836,0,1
4837,0,9
4838,0,2
4839,0,5
4840,0,8
4841,1,3
4842,1,1
4843,0,2
4844,0,1
4845,0,2
4846,0,2
4847,1,2
4848,0,7
4849,0,2
4850,4,2
4851,0,1
4852,4,1
4853,1,2
4854,0,1
4855,0,3
4856,0,8
4857,0,9
4858,0,2
4859,0,2
4860,0,3
4861,0,2
4862,0,2
4863,0,3
4864,1,1
4865,0,1
4866,2,1
4867,1,1
4868,1,7
4869,0,1
4870,0,2
4871,0,3
4872,0,1
4873,0,2
4874,0,1
4875,0,1
4876,0,3
4877,1,4
4878,0,1
4879,0,1
4880,0,1
4881,0,7
4882,0,2
4883,0,1
4884,2,2
4885,0,2
4886,0,2
4887,0,1
4888,1,1
4889,0,9
4890,1,2
4891,0,1
4892,0,2
4893,0,1
4894,1,2
4895,0,1
4896,0,2
4897,0,3
4898,0,2
4899,0,8
4900,0,3
4901,0,1
4902,0,1
4903,0,2
4904,0,4
4905,0,2
4906,4,6
4907,0,2
4908,0,8
4909,0,3
4910,0,2
4911,0,3
4912,0,2
4913,0,2
4914,0,2
4915,0,2
4916,0,2
4917,0,1
4918,1,2
4919,0,2
4920,0,2
4921,0,3
4922,0,2
4923,0,1
4924,0,3
4925,0,6
4926,0,3
4927,0,2
4928,0,2
4929,0,7
4930,0,2
4931,3,1
4932,0,1
4933,0,3
4934,0,2
4935,0,1
4936,0,1
4937,0,2
4938,0,1
4939,1,1
4940,0,6
4941,0,5
4942,0,6
4943,0,3
4944,0,2
4945,0,1
4946,0,9
4947,1,1
4948,0,2
4949,2,2
4950,0,2
4951,0,3
4952,0,1
4953,0,1
4954,1,1
4955,0,1
4956,1,2
4957,0,6
4958,3,1
4959,0,3
4960,0,1
4961,0,1
4962,0,1
4963,1,2
4964,0,1
4965,0,9
4966,1,1
4967,0,2
4968,0,9
4969,0,1
4970,0,3
4971,0,2
4972,1,1
4973,2,9
4974,0,2
4975,0,1
4976,3,5
4977,0,1
4978,0,1
4979,3,2
4980,0,1
4981,0,1
4982,0,2
4983,0,4
4984,0,1
4985,0,1
4986,0,1
4987,0,2
4988,0,5
4989,0,1
4990,1,1
4991,0,8
4992,0,1
4993,0,3
4994,3,1
4995,0,5
4996,0,3
4997,0,1
4998,0,1
4999,1,4
5000,0,7
5001,0,2
5002,0,3
5003,0,2
5004,0,7
5005,0,1
5006,1,6
5007,0,2
5008,3,1
5009,2,2
5010,0,2
5011,0,1
5012,0,2
5013,0,3
5014,0,5
5015,0,1
5016,1,3
5017,0,2
5018,0,9
5019,0,1
5020,0,2
5021,0,4
5022,0,3
5023,0,2
5024,1,2
5025,0,1
5026,0,1
5027,1,1
5028,0,4
5029,0,1
5030,0,3
5031,1,3
5032,1,5
5033,0,3
5034,0,1
5035,0,7
5036,0,3
5037,0,2
5038,0,2
5039,0,1
5040,0,1
5041,0,2
5042,0,1
5043,0,5
5044,0,1
5045,0,1
5046,0,1
5047,0,3
5048,0,2
5049,0,3
5050,0,2
5051,0,2
5052,0,8
5053,0,2
5054,4,2
5055,0,5
5056,0,1
5057,0,1
5058,0,9
5059,0,2
5060,0,1
5061,0,4
5062,1,9
5063,0,1
5064,0,2
5065,0,1
5066,0,1
5067,0,1
5068,0,4
5069,0,1
5070,1,4
5071,0,2
5072,0,2
5073,0,2
5074,0,1
5075,0,2
5076,0,8
5077,1,1
5078,0,3
5079,0,3
5080,0,1
5081,0,1
5082,0,7
5083,0,9
5084,0,2
5085,0,2
5086,0,2
5087,0,2
5088,0,1
5089,3,1
5090,2,1
5091,3,1
5092,3,1
5093,1,2
5094,0,2
5095,3,1
5096,0,5
5097,0,3
5098,2,2
5099,0,4
5100,0,1
5101,0,4
5102,0,2
5103,0,1
5104,0,2
5105,0,3
5106,1,2
5107,0,1
5108,0,1
5109,0,2
5110,4,1
5111,0,6
5112,0,1
5113,0,2
5114,0,2
5115,1,1
5116,0,7
5117,0,8
5118,1,6
5119,1,1
5120,4,1
5121,0,1
5122,0,4
5123,1,9
5124,0,3
5125,0,2
5126,0,5
5127,0,5
5128,0,2
5129,0,1
5130,4,2
5131,3,1
5132,4,9
5133,2,5
5134,0,9
5135,2,2
5136,0,2
5137,0,5
5138,0,2
5139,2,2
5140,0,6
5141,0,3
5142,0,1
5143,0,1
5144,2,4
5145,0,1
5146,0,9
5147,0,2
5148,1,2
5149,0,3
5150,0,1
5151,0,7
5152,0,8
5153,1,2
5154,1,2
5155,0,3
5156,0,1
5157,2,2
5158,3,1
5159,0,1
5160,0,3
5161,1,2
5162,1,4
5163,1,8
5164,0,2
5165,1,6
5166,1,6
5167,0,1
5168,1,2
5169,0,1
5170,1,2
5171,0,3
5172,0,5
5173,0,7
5174,0,2
5175,0,2
5176,0,7
5177,0,2
5178,2,1
5179,1,9
5180,1,2
5181,3,1
5182,0,2
5183,0,1
5184,0,1
5185,0,1
5186,0,3
5187,0,1
5188,0,7
5189,0,1
5190,0,1
5191,0,3
5192,0,2
5193,0,1
5194,0,3
5195,0,4
5196,0,2
5197,2,3
5198,0,2
5199,0,8
5200,0,9
5201,0,3
5202,0,2
5203,0,5
5204,0,1
5205,0,8
5206,0,5
5207,4,1
5208,0,2
5209,0,2
5210,0,1
5211,0,1
5212,0,2
5213,0,3
5214,0,1
5215,0,9
5216,1,4
5217,0,7
5218,0,3
5219,0,6
5220,0,1
5221,0,2
5222,0,2
5223,4,7
5224,0,2
5225,0,2
5226,0,8
5227,0,2
5228,3,1
5229,3,2
5230,0,2
5231,1,1
5232,0,7
5233,0,1
5234,0,1
5235,0,2
5236,0,3
5237,0,1
5238,0,2
5239,0,3
5240,0,3
5241,0,1
5242,0,7
5243,1,2
5244,0,4
5245,0,3
5246,0,2
5247,0,8
5248,0,2
5249,0,9
5250,0,2
5251,0,1
5252,0,6
5253,0,6
5254,0,1
5255,0,3
5256,0,2
5257,2,1
5258,0,1
5259,4,3
5260,0,3
5261,0,2
5262,0,2
5263,0,2
5264,0,1
5265,0,3
5266,0,2
5267,0,2
5268,0,1
5269,0,5
5270,0,1
5271,0,1
5272,0,2
5273,0,6
5274,0,1
5275,0,2
5276,0,1
5277,0,5
5278,0,2
5279,0,2
5280,0,2
5281,0,2
5282,0,1
5283,0,9
5284,0,1
5285,0,3
5286,0,9
5287,0,2
5288,0,2
5289,0,2
5290,0,3
5291,3,1
5292,0,1
5293,1,2
5294,0,2
5295,0,1
5296,0,2
5297,0,5
5298,0,3
5299,0,3
5300,0,1
5301,0,1
5302,0,3
5303,1,3
5304,0,2
5305,1,1
5306,0,2
5307,0,2
5308,0,1
5309,0,2
5310,0,2
5311,1,2
5312,0,2
5313,0,7
5314,0,7
5315,0,2
5316,3,2
5317,0,2
5318,5,2
5319,0,1
5320,1,2
5321,0,2
5322,0,8
5323,0,3
5324,0,1
5325,0,3
5326,3,2
5327,0,6
5328,0,2
5329,0,3
5330,0,2
5331,0,1
5332,0,2
5333,0,1
5334,0,1
5335,0,1
5336,0,1
5337,0,1
5338,1,4
5339,0,1
5340,0,6
5341,0,2
5342,0,1
5343,0,2
5344,0,4
5345,0,1
5346,0,2
5347,0,2
5348,0,4
5349,0,2
5350,0,2
5351,0,1
5352,0,2
5353,1,8
5354,0,1
5355,0,7
5356,0,1
5357,0,1
5358,0,1
5359,0,6
5360,0,6
5361,1,5
5362,0,2
5363,0,9
5364,0,1
5365,0,4
5366,1,3
5367,5,1
5368,0,4
5369,0,2
5370,1,3
5371,2,2
5372,0,9
5373,0,1
5374,0,1
5375,4,1
5376,0,8
5377,0,6
5378,0,1
5379,0,1
5380,0,9
5381,0,2
5382,0,1
5383,0,1
5384,0,2
5385,0,9
5386,0,1
5387,0,1
5388,0,3
5389,3,1
5390,0,7
5391,0,3
5392,0,7
5393,1,1
5394,0,2
5395,1,2
5396,0,2
5397,0,3
5398,0,3
5399,0,1
5400,0,8
5401,0,1
5402,0,3
5403,0,2
5404,0,2
5405,0,1
5406,0,1
5407,0,6
5408,0,1
5409,0,1
5410,0,2
5411,0,4
5412,0,6
5413,0,4
5414,0,4
5415,0,2
5416,1,3
5417,0,6
5418,1,1
5419,0,1
5420,0,1
5421,0,8
5422,0,2
5423,0,4
5424,0,3
5425,0,7
5426,0,1
5427,0,3
5428,1,1
5429,0,1
5430,0,2
5431,0,1
5432,0,3
5433,2,2
5434,0,5
5435,0,2
5436,0,2
5437,0,1
5438,0,8
5439,4,5
5440,0,1
5441,0,2
5442,1,1
5443,0,1
5444,0,1
5445,0,4
5446,0,2
5447,0,1
5448,0,1
5449,1,5
5450,0,1
5451,0,1
5452,0,4
5453,0,3
5454,1,2
5455,1,2
5456,0,2
5457,1,1
5458,0,3
5459,0,4
5460,0,3
5461,0,1
5462,0,2
5463,0,1
5464,0,3
5465,0,2
5466,0,3
5467,0,1
5468,0,6
5469,0,3
5470,0,1
5471,1,1
5472,0,1
5473,0,7
5474,0,1
5475,2,1
5476,0,6
5477,0,1
5478,1,2
5479,0,1
5480,0,3
5481,1,3
5482,0,8
5483,0,3
5484,0,4
5485,0,2
5486,0,1
5487,4,2
5488,2,1
5489,0,2
5490,0,2
5491,3,2
5492,1,1
5493,0,3
5494,0,1
5495,0,2
5496,0,2
5497,0,2
5498,0,2
5499,0,9
5500,0,4
5501,1,2
5502,0,2
5503,2,1
5504,0,2
5505,0,5
5506,0,1
5507,3,8
5508,0,6
5509,2,3
5510,1,1
5511,0,3
5512,0,1
5513,0,1
5514,0,1
5515,0,3
5516,0,1
5517,0,1
5518,0,2
5519,0,2
5520,1,6
5521,3,6
5522,0,7
5523,0,1
5524,0,2
5525,0,2
5526,1,1
5527,3,2
5528,0,2
5529,0,1
5530,0,4
5531,0,1
5532,0,1
5533,0,1
5534,0,2
5535,0,2
5536,1,1
5537,0,2
5538,0,2
5539,0,5
5540,0,3
5541,0,3
5542,0,5
5543,0,1
5544,0,2
5545,4,3
5546,0,2
5547,0,3
5548,0,2
5549,0,5
5550,0,3
5551,0,2
5552,3,8
5553,2,5
5554,0,2
5555,2,3
5556,3,1
5557,0,9
5558,1,7
5559,3,3
5560,0,2
5561,0,1
5562,2,1
5563,1,2
5564,4,2
5565,0,3
5566,3,1
5567,0,8
5568,0,3
5569,0,5
5570,0,1
5571,1,3
5572,1,9
5573,5,8
5574,0,8
5575,0,1
5576,0,1
5577,0,3
5578,3,1
5579,0,3
5580,0,1
5581,0,2
5582,0,3
5583,0,1
5584,0,5
5585,0,2
5586,1,1
5587,0,1
5588,0,9
5589,0,2
5590,0,1
5591,0,1
5592,0,3
5593,0,2
5594,4,7
5595,2,3
5596,0,5
5597,0,1
5598,0,1
5599,0,1
5600,0,7
5601,0,1
5602,1,1
5603,0,7
5604,0,8
5605,0,1
5606,0,3
5607,0,3
5608,0,2
5609,0,9
5610,0,1
5611,2,1
5612,0,2
5613,0,2
5614,0,3
5615,1,1
5616,1,4
5617,1,6
5618,3,1
5619,0,2
5620,0,1
5621,0,2
5622,0,2
5623,0,3
5624,0,8
5625,1,2
5626,1,2
5627,0,7
5628,0,3
5629,1,2
5630,2,1
5631,0,3
5632,0,1
5633,0,1
5634,0,2
5635,0,1
5636,0,3
5637,0,1
5638,0,5
5639,0,9
5640,0,1
5641,0,9
5642,0,2
5643,0,1
5644,0,1
5645,0,9
5646,0,1
5647,0,2
5648,0,1
5649,0,2
5650,0,3
5651,0,6
5652,0,8
5653,0,1
5654,0,3
5655,0,1
5656,1,1
5657,0,2
5658,0,1
5659,0,1
5660,0,2
5661,0,1
5662,0,4
5663,0,9
5664,0,1
5665,0,9
5666,0,2
5667,0,3
5668,0,8
5669,2,3
5670,0,1
5671,0,1
5672,2,1
5673,0,1
5674,0,1
5675,0,1
5676,0,4
5677,1,8
5678,0,6
5679,3,7
5680,0,1
5681,0,1
5682,0,2
5683,0,1
5684,0,1
5685,0,4
5686,3,2
5687,0,3
5688,0,1
5689,0,1
5690,0,6
5691,3,7
5692,0,3
5693,0,2
5694,0,3
5695,5,2
5696,0,4
5697,0,7
5698,4,1
5699,0,1
5700,0,1
5701,0,1
5702,0,1
5703,0,1
5704,0,1
5705,0,9
5706,1,3
5707,0,3
5708,0,1
5709,1,1
5710,0,1
5711,0,8
5712,4,2
5713,0,5
5714,0,1
5715,0,8
5716,0,2
5717,0,3
5718,0,2
5719,0,2
5720,0,7
5721,0,7
5722,2,1
5723,0,2
5724,3,9
5725,1,8
5726,0,3
5727,0,1
5728,3,2
5729,5,7
5730,1,6
5731,2,3
5732,0,2
5733,1,3
5734,0,2
5735,0,7
5736,0,4
5737,0,9
5738,0,3
5739,0,1
5740,0,1
5741,0,1
5742,0,2
5743,0,2
5744,1,2
5745,0,1
5746,4,2
5747,1,1
5748,0,2
5749,1,1
5750,0,1
5751,0,8
5752,0,1
5753,0,8
5754,3,2
5755,0,2
5756,0,8
5757,1,2
5758,2,3
5759,1,2
5760,0,1
5761,0,3
5762,0,1
5763,0,1
5764,0,2
5765,0,2
5766,0,2
5767,0,2
5768,2,2
5769,0,3
5770,3,2
5771,0,6
5772,0,6
5773,0,3
5774,0,2
5775,0,1
5776,0,3
5777,0,3
5778,0,1
5779,3,6
5780,1,1
5781,0,2
5782,0,1
5783,0,1
5784,2,2
5785,0,1
5786,0,1
5787,0,2
5788,1,1
5789,0,4
5790,0,3
5791,0,1
5792,0,2
5793,0,2
5794,0,2
5795,3,1
5796,0,6
5797,0,1
5798,2,8
5799,0,1
5800,0,2
5801,0,1
5802,0,1
5803,1,8
5804,0,2
5805,0,4
5806,0,2
5807,0,3
5808,3,3
5809,2,2
5810,0,1
5811,0,1
5812,3,6
5813,0,1
5814,0,2
5815,0,9
5816,0,2
5817,0,2
5818,0,2
5819,0,4
5820,0,1
5821,0,1
5822,0,8
5823,3,8
5824,2,2
5825,1,2
5826,3,4
5827,0,9
5828,0,8
5829,1,2
5830,0,7
5831,0,3
5832,0,2
5833,0,1
5834,1,1
5835,1,3
5836,0,1
5837,2,1
5838,4,1
5839,0,6
5840,0,1
5841,0,9
5842,0,3
5843,0,3
5844,0,9
5845,0,1
5846,0,1
5847,3,2
5848,0,9
5849,0,3
5850,0,3
5851,0,9
5852,0,3
5853,0,4
5854,0,2
5855,0,5
5856,0,1
5857,0,1
5858,0,1
5859,0,1
5860,2,1
5861,0,1
5862,0,1
5863,0,2
5864,0,2
5865,0,3
5866,0,1
5867,0,1
5868,0,1
5869,0,4
5870,2,1
5871,4,3
5872,1,2
5873,0,3
5874,0,1
5875,0,1
5876,0,3
5877,2,1
5878,0,7
5879,0,3
5880,0,2
5881,0,1
5882,3,1
5883,0,4
5884,0,1
5885,0,2
5886,0,7
5887,0,1
5888,0,3
5889,0,1
5890,0,1
5891,0,1
5892,1,5
5893,0,1
5894,0,1
5895,0,2
5896,0,7
5897,0,6
5898,0,1
5899,0,2
5900,0,1
5901,3,2
5902,1,3
5903,0,6
5904,2,6
5905,0,5
5906,0,1
5907,1,4
5908,0,9
5909,0,1
5910,0,1
5911,0,2
5912,0,2
5913,0,7
5914,3,1
5915,2,2
5916,0,1
5917,0,1
5918,1,1
5919,0,3
5920,0,1
5921,0,6
5922,0,1
5923,0,2
5924,0,1
5925,4,3
5926,2,1
5927,0,7
5928,0,1
5929,1,9
5930,0,1
5931,0,1
5932,0,2
5933,0,2
5934,0,3
5935,0,1
5936,1,2
5937,0,2
5938,0,3
5939,0,7
5940,0,1
5941,0,1
5942,0,1
5943,0,1
5944,2,2
5945,0,8
5946,1,2
5947,0,2
5948,0,5
5949,0,1
5950,0,3
5951,1,3
5952,3,4
5953,0,1
5954,0,1
5955,0,5
5956,0,1
5957,1,1
5958,3,9
5959,0,2
5960,0,5
5961,1,1
5962,0,4
5963,0,1
5964,0,1
5965,0,1
5966,1,8
5967,1,1
5968,0,6
5969,0,6
5970,0,8
5971,0,5
5972,0,2
5973,0,1
5974,0,8
5975,0,1
5976,1,7
5977,0,3
5978,1,2
5979,0,9
5980,0,1
5981,0,5
5982,0,1
5983,0,3
5984,3,2
5985,0,2
5986,1,1
5987,0,2
5988,2,3
5989,0,1
5990,0,1
5991,0,2
5992,1,2
5993,0,3
5994,0,1
5995,0,5
5996,0,2
5997,1,7
5998,0,1
5999,0,3
6000,1,1
6001,0,1
6002,0,1
6003,0,1
6004,0,8
6005,0,2
6006,0,3
6007,0,8
6008,0,2
6009,3,7
6010,0,2
6011,0,3
6012,5,1
6013,0,6
6014,0,5
6015,0,2
6016,0,2
6017,0,3
6018,0,2
6019,0,3
6020,0,1
6021,0,8
6022,2,1
6023,1,1
6024,0,9
6025,0,2
6026,1,1
6027,1,2
6028,1,2
6029,1,3
6030,0,5
6031,0,1
6032,0,2
6033,3,7
6034,1,4
6035,0,6
6036,1,2
6037,3,1
6038,0,4
6039,0,3
6040,0,2
6041,0,2
6042,0,1
6043,0,1
6044,0,2
6045,0,3
6046,1,2
6047,0,2
6048,0,1
6049,0,8
6050,1,1
6051,0,8
6052,0,1
6053,0,6
6054,0,7
6055,0,1
6056,0,1
6057,0,4
6058,2,1
6059,1,1
6060,0,1
6061,0,1
6062,0,7
6063,0,1
6064,0,1
6065,0,1
6066,0,2
6067,1,1
6068,0,2
6069,0,5
6070,0,1
6071,0,1
6072,0,5
6073,0,6
6074,1,2
6075,0,3
6076,0,2
6077,0,2
6078,0,1
6079,0,5
6080,0,2
6081,0,1
6082,0,1
6083,0,6
6084,0,1
6085,2,8
6086,1,3
6087,0,9
6088,0,1
6089,0,1
6090,0,1
6091,4,2
6092,0,2
6093,0,1
6094,0,3
6095,0,2
6096,0,2
6097,0,1
6098,0,1
6099,1,1
6100,0,4
6101,0,1
6102,0,2
6103,0,5
6104,0,1
6105,0,1
6106,0,2
6107,0,2
6108,0,1
6109,0,5
6110,0,1
6111,1,2
6112,0,7
6113,0,2
6114,0,2
6115,0,3
6116,0,3
6117,0,1
6118,0,1
6119,1,2
6120,3,3
6121,0,2
6122,1,1
6123,0,1
6124,0,9
6125,5,2
6126,0,1
6127,0,6
6128,0,3
6129,0,1
6130,0,8
6131,0,1
6132,1,8
6133,0,1
6134,0,5
6135,0,1
6136,0,2
6137,0,2
6138,0,6
6139,0,1
6140,0,2
6141,0,4
6142,0,4
6143,0,2
6144,1,1
6145,0,2
6146,0,5
6147,0,2
6148,0,2
6149,0,1
6150,0,2
6151,0,3
6152,0,9
6153,1,1
6154,0,2
6155,0,1
6156,0,3
6157,0,2
6158,0,2
6159,0,2
6160,2,7
6161,3,2
6162,0,1
6163,3,7
6164,0,2
6165,0,1
6166,0,4
6167,0,1
6168,0,3
6169,2,4
6170,0,3
6171,0,2
6172,0,3
6173,0,1
6174,0,1
6175,0,1
6176,0,2
6177,0,4
6178,1,1
6179,0,1
6180,0,1
6181,0,1
6182,0,8
6183,0,8
6184,0,5
6185,0,3
6186,0,2
6187,0,1
6188,2,4
6189,1,2
6190,1,1
6191,0,1
6192,0,9
6193,0,1
6194,0,7
6195,0,1
6196,0,3
6197,0,1
6198,0,2
6199,0,1
6200,0,1
6201,3,1
6202,0,3
6203,1,2
6204,3,9
6205,0,2
6206,0,1
6207,0,3
6208,0,2
6209,1,2
6210,0,1
6211,0,6
6212,0,2
6213,0,2
6214,0,2
6215,0,2
6216,0,1
6217,0,7
6218,1,2
6219,1,1
6220,0,3
6221,0,2
6222,0,2
6223,0,2
6224,0,3
6225,0,1
6226,0,3
6227,1,8
6228,3,1
6229,0,2
6230,0,4
6231,0,1
6232,0,2
6233,0,6
6234,0,3
6235,0,3
6236,0,2
6237,0,2
6238,0,1
6239,0,8
6240,0,3
6241,1,5
6242,2,5
6243,1,3
6244,0,3
6245,2,8
6246,0,4
6247,0,1
6248,0,2
6249,0,2
6250,0,2
6251,3,2
6252,0,2
6253,3,1
6254,3,3
6255,0,1
6256,0,7
6257,0,1
6258,0,2
6259,1,3
6260,1,1
6261,0,1
6262,1,1
6263,0,1
6264,4,1
6265,0,3
6266,0,1
6267,0,2
6268,0,6
6269,1,3
6270,0,1
6271,0,2
6272,0,9
6273,0,5
6274,0,1
6275,0,1
6276,3,1
6277,0,1
6278,0,1
6279,0,1
6280,0,2
6281,0,9
6282,0,3
6283,0,8
6284,3,8
6285,4,2
6286,0,9
6287,1,3
6288,0,9
6289,0,1
6290,0,1
6291,0,1
6292,0,8
6293,0,6
6294,0,1
6295,0,1
6296,0,1
6297,0,1
6298,1,8
6299,0,9
6300,0,1
6301,0,2
6302,0,1
6303,0,1
6304,0,9
6305,0,3
6306,2,1
6307,0,1
6308,0,6
6309,0,2
6310,0,2
6311,0,3
6312,1,3
6313,0,1
6314,0,1
6315,0,1
6316,0,2
6317,0,1
6318,0,1
6319,0,2
6320,0,1
6321,0,1
6322,0,1
6323,0,5
6324,2,2
6325,3,1
6326,0,1
6327,0,1
6328,0,1
6329,0,2
6330,0,9
6331,1,7
6332,0,1
6333,0,2
6334,0,5
6335,0,2
6336,0,7
6337,0,2
6338,0,2
6339,0,3
6340,0,4
6341,0,7
6342,0,1
6343,0,2
6344,0,2
6345,0,1
6346,0,1
6347,0,4
6348,0,2
6349,0,3
6350,2,3
6351,2,3
6352,0,9
6353,0,2
6354,0,5
6355,0,1
6356,0,2
6357,0,2
6358,0,2
6359,0,3
6360,0,2
6361,1,2
6362,0,3
6363,0,2
6364,1,1
6365,0,1
6366,0,1
6367,0,3
6368,0,3
6369,0,3
6370,0,1
6371,0,3
6372,0,1
6373,0,2
6374,1,1
6375,0,5
6376,0,3
6377,4,8
6378,0,1
6379,3,5
6380,0,2
6381,0,1
6382,0,1
6383,0,2
6384,0,1
6385,0,1
6386,0,1
6387,0,2
6388,0,7
6389,0,2
6390,0,1
6391,0,8
6392,0,7
6393,2,3
6394,0,1
6395,0,1
6396,0,8
6397,0,2
6398,0,1
6399,0,8
6400,1,3
6401,0,1
6402,5,1
6403,0,1
6404,0,7
6405,0,3
6406,1,2
6407,1,1
6408,0,1
6409,1,2
6410,0,2
6411,0,7
6412,2,4
6413,0,1
6414,0,1
6415,1,1
6416,0,2
6417,0,1
6418,0,8
6419,1,2
6420,0,3
6421,0,7
6422,2,1
6423,1,9
6424,0,3
6425,0,1
6426,0,7
6427,0,4
6428,1,3
6429,1,1
6430,0,7
6431,0,3
6432,0,1
6433,0,3
6434,1,9
6435,0,1
6436,3,4
6437,0,3
6438,0,1
6439,0,6
6440,0,2
6441,2,1
6442,0,1
6443,0,1
6444,0,6
6445,0,2
6446,0,1
6447,0,1
6448,2,2
6449,2,3
6450,1,1
6451,0,1
6452,0,2
6453,0,2
6454,0,1
6455,0,9
6456,0,4
6457,0,9
6458,0,3
6459,0,2
6460,1,1
6461,0,2
6462,0,7
6463,0,9
6464,0,2
6465,0,1
6466,0,1
6467,2,2
6468,0,1
6469,0,1
6470,0,7
6471,0,2
6472,0,1
6473,0,9
6474,3,2
6475,0,2
6476,0,3
6477,1,1
6478,0,2
6479,0,9
6480,0,1
6481,0,8
6482,0,1
6483,0,2
6484,0,1
6485,0,1
6486,0,3
6487,0,1
6488,0,3
6489,0,5
6490,1,8
6491,0,2
6492,0,1
6493,0,1
6494,0,1
6495,0,2
6496,0,1
6497,0,9
6498,0,1
6499,0,2
6500,0,1
6501,0,1
6502,0,4
6503,0,6
6504,0,7
6505,0,2
6506,0,4
6507,0,1
6508,0,3
6509,0,2
6510,0,1
6511,0,6
6512,0,1
6513,0,1
6514,0,1
6515,0,1
6516,0,1
6517,0,7
6518,2,3
6519,0,9
6520,4,2
6521,0,2
6522,2,1
6523,0,1
6524,1,2
6525,0,1
6526,0,3
6527,0,1
6528,1,7
6529,0,1
6530,2,5
6531,0,1
6532,0,1
6533,3,2
6534,0,3
6535,0,1
6536,0,3
6537,0,2
6538,0,8
6539,0,5
6540,0,4
6541,0,6
6542,0,3
6543,0,3
6544,0,1
6545,0,9
6546,0,3
6547,0,6
6548,0,1
6549,0,6
6550,1,3
6551,0,1
6552,0,2
6553,1,7
6554,3,2
6555,0,6
6556,0,1
6557,0,2
6558,0,1
6559,0,2
6560,0,2
6561,0,1
6562,1,9
6563,0,9
6564,0,1
6565,2,6
6566,0,2
6567,0,2
6568,0,2
6569,0,2
6570,0,1
6571,0,2
6572,1,2
6573,0,1
6574,1,3
6575,0,9
6576,0,5
6577,0,8
6578,0,2
6579,0,2
6580,0,1
6581,0,1
6582,1,3
6583,0,1
6584,0,2
6585,0,1
6586,2,1
6587,0,6
6588,1,1
6589,4,3
6590,0,1
6591,0,1
6592,1,7
6593,0,2
6594,0,8
6595,0,3
6596,0,2
6597,0,1
6598,0,8
6599,0,1
6600,0,1
6601,0,1
6602,1,1
6603,0,1
6604,0,1
6605,0,2
6606,0,2
6607,0,2
6608,0,1
6609,0,1
6610,0,3
6611,0,6
6612,0,1
6613,0,2
6614,0,5
6615,0,2
6616,1,2
6617,0,7
6618,1,1
6619,0,1
6620,0,1
6621,3,3
6622,0,3
6623,0,1
6624,0,1
6625,0,2
6626,0,1
6627,0,7
6628,0,1
6629,0,2
6630,1,1
6631,0,3
6632,0,2
6633,0,4
6634,0,9
6635,0,1
6636,0,1
6637,2,1
6638,0,1
6639,0,1
6640,0,7
6641,0,4
6642,0,2
6643,0,3
6644,1,2
6645,0,1
6646,1,1
6647,0,1
6648,4,1
6649,0,1
6650,1,2
6651,0,1
6652,0,2
6653,0,3
6654,0,1
6655,1,1
6656,0,3
6657,0,1
6658,0,6
6659,0,2
6660,5,5
6661,0,5
6662,0,1
6663,0,1
6664,0,1
6665,2,2
6666,0,1
6667,0,5
6668,2,5
6669,0,1
6670,2,2
6671,0,5
6672,0,2
6673,0,5
6674,0,1
6675,0,9
6676,0,1
6677,0,3
6678,0,1
6679,0,1
6680,0,8
6681,0,2
6682,0,2
6683,0,1
6684,1,7
6685,4,6
6686,0,2
6687,0,3
6688,0,1
6689,0,1
6690,0,7
6691,0,1
6692,0,1
6693,1,2
6694,2,2
6695,0,2
6696,0,2
6697,1,1
6698,0,4
6699,0,2
6700,1,3
6701,0,1
6702,0,2
6703,0,4
6704,0,6
6705,3,2
6706,1,5
6707,1,8
6708,0,1
6709,0,1
6710,0,1
6711,3,1
6712,0,1
6713,0,5
6714,0,1
6715,0,1
6716,0,4
6717,0,3
6718,0,9
6719,0,2
6720,2,5
6721,0,2
6722,0,1
6723,0,3
6724,0,6
6725,0,1
6726,0,2
6727,0,1
6728,0,2
6729,0,2
6730,1,7
6731,2,4
6732,0,1
6733,0,2
6734,0,2
6735,4,1
6736,2,7
6737,0,8
6738,0,1
6739,2,1
6740,0,1
6741,0,1
6742,0,5
6743,0,9
6744,0,5
6745,1,8
6746,0,1
6747,0,1
6748,0,1
6749,2,2
6750,3,6
6751,1,4
6752,0,5
6753,0,2
6754,0,9
6755,1,1
6756,0,1
6757,0,1
6758,0,1
6759,0,8
6760,0,5
6761,1,3
6762,1,1
6763,0,3
6764,0,2
6765,0,5
6766,1,3
6767,0,1
6768,0,1
6769,0,7
6770,0,1
6771,0,3
6772,0,9
6773,0,1
6774,0,2
6775,0,1
6776,0,6
6777,2,6
6778,0,2
6779,0,1
6780,0,1
6781,0,9
6782,0,1
6783,0,1
6784,0,6
6785,0,2
6786,0,2
6787,0,1
6788,0,3
6789,0,7
6790,1,1
6791,5,1
6792,0,8
6793,0,2
6794,2,1
6795,0,2
6796,0,2
6797,0,1
6798,0,1
6799,2,1
6800,0,1
6801,0,7
6802,0,3
6803,0,8
6804,0,2
6805,0,1
6806,0,1
6807,3,9
6808,0,8
6809,0,1
6810,0,1
6811,0,1
6812,0,6
6813,0,8
6814,0,2
6815,0,1
6816,0,1
6817,0,2
6818,0,1
6819,0,1
6820,0,1
6821,0,1
6822,2,1
6823,0,2
6824,0,1
6825,5,1
6826,0,1
6827,0,1
6828,0,2
6829,0,3
6830,0,2
6831,0,9
6832,0,1
6833,0,2
6834,1,1
6835,0,2
6836,0,2
6837,1,2
6838,0,2
6839,0,1
6840,0,1
6841,0,1
6842,0,5
6843,0,4
6844,0,7
6845,0,7
6846,0,2
6847,3,7
6848,1,1
6849,0,2
6850,0,3
6851,0,4
6852,0,5
6853,0,3
6854,0,2
6855,0,3
6856,0,1
6857,1,3
6858,0,2
6859,0,2
6860,0,1
6861,0,2
6862,0,4
6863,0,9
6864,2,2
6865,3,9
6866,0,2
6867,0,1
6868,0,3
6869,0,3
6870,0,1
6871,2,7
6872,0,5
6873,1,2
6874,0,4
6875,2,1
6876,2,8
6877,0,2
6878,0,8
6879,0,9
6880,0,7
6881,3,3
6882,1,1
6883,0,3
6884,2,2
6885,0,4
6886,0,7
6887,0,5
6888,3,2
6889,0,4
6890,0,1
6891,0,3
6892,3,1
6893,0,1
6894,0,3
6895,0,1
6896,3,1
6897,4,1
6898,0,1
6899,0,1
6900,0,7
6901,0,1
6902,0,1
6903,0,8
6904,0,2
6905,1,1
6906,0,8
6907,0,3
6908,0,1
6909,0,5
6910,0,8
6911,0,2
6912,0,1
6913,0,1
6914,0,2
6915,4,2
6916,0,1
6917,0,1
6918,2,3
6919,2,5
6920,0,2
6921,0,1
6922,0,1
6923,0,1
6924,0,1
6925,0,3
6926,0,8
6927,0,1
6928,0,3
6929,0,1
6930,0,8
6931,0,1
6932,0,1
6933,0,9
6934,0,1
6935,0,3
6936,0,1
6937,0,1
6938,0,2
6939,0,2
6940,0,2
6941,0,9
6942,3,9
6943,0,1
6944,0,2
6945,1,3
6946,4,3
6947,1,2
6948,0,7
6949,0,2
6950,1,3
6951,0,1
6952,0,2
6953,0,9
6954,0,3
6955,0,8
6956,0,1
6957,1,7
6958,1,3
6959,0,1
6960,0,2
6961,0,2
6962,0,1
6963,0,1
6964,0,1
6965,0,9
6966,0,1
6967,0,2
6968,3,1
6969,0,3
6970,0,7
6971,1,5
6972,0,2
6973,0,1
6974,1,3
6975,0,3
6976,0,3
6977,0,2
6978,0,9
6979,0,7
6980,0,4
6981,0,5
6982,0,2
6983,1,7
6984,0,6
6985,0,5
6986,0,1
6987,1,5
6988,3,1
6989,0,1
6990,0,6
6991,0,2
6992,0,3
6993,0,1
6994,0,1
6995,0,5
6996,0,2
6997,1,4
6998,0,2
6999,0,1
7000,0,3
7001,0,5
7002,0,2
7003,0,8
7004,0,5
7005,0,9
7006,4,2
7007,0,2
7008,0,2
7009,3,2
7010,0,1
7011,4,1
7012,1,2
7013,0,2
7014,0,3
7015,0,1
7016,0,5
7017,1,2
7018,4,2
7019,0,1
7020,0,3
7021,0,3
7022,0,1
7023,0,7
7024,0,1
7025,1,3
7026,0,1
7027,0,9
7028,4,7
7029,1,1
7030,0,3
7031,0,3
7032,0,1
7033,0,2
7034,5,1
7035,0,3
7036,0,1
7037,0,2
7038,0,5
7039,0,8
7040,0,1
7041,2,2
7042,0,1
7043,0,2
7044,0,1
7045,3,2
7046,3,1
7047,0,1
7048,0,2
7049,2,3
7050,0,1
7051,0,3
7052,1,1
7053,0,2
7054,0,5
7055,0,3
7056,0,2
7057,0,1
7058,0,2
7059,0,2
7060,0,3
7061,0,1
7062,0,1
7063,0,4
7064,0,8
7065,4,4
7066,0,8
7067,0,1
7068,3,1
7069,0,1
7070,1,1
7071,0,2
7072,0,8
7073,0,1
7074,0,4
7075,0,2
7076,0,1
7077,1,1
7078,0,7
7079,0,4
7080,3,9
7081,0,1
7082,0,9
7083,2,1
7084,1,1
7085,0,8
7086,1,1
7087,0,1
7088,0,8
7089,0,5
7090,2,3
7091,0,6
7092,0,2
7093,0,3
7094,0,3
7095,0,2
7096,2,1
7097,0,3
7098,0,2
7099,0,7
7100,5,1
7101,0,1
7102,0,2
7103,0,5
7104,1,1
7105,0,7
7106,1,7
7107,0,3
7108,0,5
7109,0,3
7110,1,1
7111,0,2
7112,0,1
7113,2,3
7114,0,2
7115,1,8
7116,0,8
7117,1,2
7118,0,2
7119,1,8
7120,0,1
7121,0,7
7122,0,5
7123,0,3
7124,0,1
7125,3,1
7126,0,5
7127,0,9
7128,0,2
7129,0,2
7130,0,2
7131,0,2
7132,0,1
7133,0,2
7134,0,1
7135,4,1
7136,0,7
7137,0,5
7138,2,4
7139,0,9
7140,3,2
7141,0,2
7142,0,3
7143,0,8
7144,3,1
7145,0,9
7146,0,4
7147,1,1
7148,0,2
7149,0,4
7150,0,2
7151,0,2
7152,0,7
7153,0,1
7154,0,7
7155,0,2
7156,0,3
7157,0,8
7158,0,1
7159,0,7
7160,0,2
7161,0,1
7162,0,3
7163,0,1
7164,0,1
7165,0,9
7166,0,1
7167,1,6
7168,0,2
7169,0,2
7170,0,2
7171,0,1
7172,0,2
7173,1,4
7174,0,1
7175,1,6
7176,1,1
7177,0,3
7178,0,6
7179,0,3
7180,0,7
7181,0,1
7182,0,1
7183,0,2
7184,0,8
7185,0,9
7186,0,4
7187,0,2
7188,0,1
7189,0,2
7190,1,1
7191,0,9
7192,0,9
7193,2,3
7194,0,3
7195,2,6
7196,0,2
7197,0,3
7198,0,1
7199,0,3
7200,1,1
7201,4,2
7202,0,7
7203,2,1
7204,0,7
7205,0,3
7206,0,5
7207,0,2
7208,0,3
7209,0,5
7210,0,1
7211,0,5
7212,0,1
7213,0,1
7214,0,5
7215,0,1
7216,0,4
7217,0,2
7218,0,9
7219,0,1
7220,0,3
7221,0,3
7222,0,1
7223,0,9
7224,0,1
7225,1,2
7226,0,2
7227,0,4
7228,0,3
7229,0,2
7230,0,2
7231,0,5
7232,0,7
7233,5,5
7234,0,3
7235,0,6
7236,1,1
7237,0,1
7238,3,8
7239,1,2
7240,0,1
7241,0,1
7242,0,2
7243,0,7
7244,0,1
7245,1,4
7246,0,3
7247,0,2
7248,0,6
7249,0,1
7250,0,1
7251,3,1
7252,0,7
7253,0,3
7254,2,2
7255,0,1
7256,0,1
7257,0,1
7258,0,7
7259,0,2
7260,0,1
7261,0,3
7262,0,7
7263,0,2
7264,0,9
7265,2,4
7266,0,2
7267,0,5
7268,0,2
7269,0,1
7270,0,1
7271,0,3
7272,0,2
7273,0,4
7274,0,2
7275,0,2
7276,0,1
7277,2,2
7278,0,1
7279,3,6
7280,0,1
7281,0,1
7282,0,8
7283,1,2
7284,0,1
7285,1,7
7286,0,1
7287,0,3
7288,0,2
7289,0,1
7290,0,4
7291,0,2
7292,0,2
7293,4,1
7294,1,1
7295,0,5
7296,0,2
7297,0,1
7298,0,1
7299,0,2
7300,0,1
7301,0,2
7302,0,5
7303,1,2
7304,1,2
7305,0,2
7306,0,5
7307,0,4
7308,0,7
7309,3,1
7310,0,1
7311,0,2
7312,0,2
7313,0,2
7314,0,2
7315,0,1
7316,0,2
7317,0,1
7318,1,3
7319,0,1
7320,2,1
7321,0,3
7322,0,8
7323,0,9
7324,0,3
7325,0,2
7326,0,3
7327,1,2
7328,1,2
7329,1,1
7330,0,6
7331,1,1
7332,0,2
7333,0,1
7334,0,1
7335,0,3
7336,0,1
7337,0,3
7338,0,3
7339,0,6
7340,0,3
7341,0,9
7342,0,1
7343,0,1
7344,0,2
7345,0,1
7346,0,4
7347,0,1
7348,0,8
7349,1,4
7350,1,4
7351,0,4
7352,3,3
7353,0,2
7354,0,5
7355,0,6
7356,3,1
7357,0,8
7358,0,2
7359,0,7
7360,2,2
7361,0,7
7362,0,2
7363,0,7
7364,0,2
7365,0,7
7366,0,8
7367,0,1
7368,0,2
7369,0,1
7370,0,4
7371,0,3
7372,0,1
7373,0,2
7374,0,2
7375,3,1
7376,0,1
7377,0,9
7378,0,2
7379,0,1
7380,0,1
7381,1,1
7382,0,1
7383,0,2
7384,3,3
7385,0,3
7386,0,1
7387,1,1
7388,0,4
7389,0,1
7390,1,3
7391,0,3
7392,0,1
7393,0,2
7394,0,1
7395,0,4
7396,0,1
7397,0,2
7398,0,5
7399,0,1
7400,0,1
7401,1,4
7402,0,2
7403,0,1
7404,0,3
7405,1,2
7406,2,1
7407,0,2
7408,0,1
7409,1,2
7410,0,1
7411,0,1
7412,0,1
7413,0,2
7414,0,4
7415,2,1
7416,0,9
7417,0,3
7418,4,2
7419,4,7
7420,0,1
7421,1,2
7422,0,1
7423,0,1
7424,0,2
7425,0,2
7426,0,1
7427,0,2
7428,0,1
7429,0,1
7430,0,1
7431,0,1
7432,0,7
7433,0,7
7434,0,2
7435,0,1
7436,1,1
7437,1,1
7438,0,1
7439,3,1
7440,0,1
7441,0,2
7442,0,3
7443,0,4
7444,0,3
7445,0,2
7446,0,4
7447,1,5
7448,0,2
7449,0,1
7450,1,8
7451,0,1
7452,0,1
7453,3,3
7454,0,3
7455,0,1
7456,0,3
7457,0,1
7458,0,2
7459,0,3
7460,0,2
7461,5,3
7462,0,1
7463,0,2
7464,0,2
7465,0,2
7466,0,2
7467,0,2
7468,0,1
7469,1,1
7470,0,2
7471,1,1
7472,0,1
7473,0,2
7474,4,5
7475,2,3
7476,3,1
7477,0,1
7478,1,7
7479,0,3
7480,0,9
7481,1,3
7482,0,1
7483,0,1
7484,0,3
7485,2,1
7486,3,1
7487,1,3
7488,0,7
7489,0,3
7490,0,3
7491,0,2
7492,3,1
7493,0,1
7494,0,1
7495,0,1
7496,0,5
7497,0,1
7498,0,3
7499,0,2
7500,0,1
7501,0,2
7502,0,1
7503,0,1
7504,0,7
7505,0,4
7506,0,9
7507,0,5
7508,0,2
7509,1,1
7510,0,1
7511,0,1
7512,0,1
7513,0,1
7514,5,3
7515,0,6
7516,0,1
7517,0,3
7518,0,1
7519,0,1
7520,0,3
7521,0,6
7522,0,1
7523,5,2
7524,0,1
7525,5,4
7526,0,7
7527,0,1
7528,0,2
7529,0,3
7530,0,2
7531,0,1
7532,3,1
7533,2,7
7534,0,1
7535,1,5
7536,0,2
7537,0,2
7538,3,1
7539,0,3
7540,0,2
7541,1,7
7542,0,2
7543,1,1
7544,1,1
7545,0,6
7546,0,4
7547,0,4
7548,0,9
7549,0,5
7550,0,2
7551,2,3
7552,0,4
7553,0,6
7554,0,1
7555,0,1
7556,0,2
7557,2,1
7558,1,3
7559,0,6
7560,1,1
7561,0,2
7562,0,3
7563,0,2
7564,0,1
7565,0,2
7566,0,1
7567,0,3
7568,0,1
7569,0,1
7570,0,1
7571,0,7
7572,0,4
7573,1,1
7574,0,2
7575,0,1
7576,0,3
7577,0,7
7578,0,9
7579,0,1
7580,0,1
7581,0,1
7582,2,2
7583,0,1
7584,0,2
7585,0,9
7586,0,9
7587,0,1
7588,1,2
7589,0,1
7590,1,2
7591,0,7
7592,1,1
7593,0,2
7594,0,2
7595,1,1
7596,3,1
7597,2,7
7598,0,3
7599,0,9
7600,0,8
7601,0,5
7602,0,2
7603,2,2
7604,0,2
7605,0,3
7606,1,7
7607,0,1
7608,5,5
7609,0,2
7610,0,7
7611,0,1
7612,0,2
7613,2,1
7614,0,2
7615,0,2
7616,0,5
7617,0,2
7618,0,1
7619,0,1
7620,3,3
7621,0,1
7622,1,3
7623,0,7
7624,0,1
7625,0,1
7626,0,2
7627,0,1
7628,2,1
7629,0,1
7630,0,2
7631,1,6
7632,0,1
7633,0,7
7634,0,4
7635,0,5
7636,0,1
7637,3,1
7638,0,2
7639,0,1
7640,0,1
7641,0,1
7642,1,3
7643,3,2
7644,0,1
7645,3,1
7646,0,1
7647,0,1
7648,4,1
7649,0,2
7650,0,2
7651,0,2
7652,2,1
7653,0,1
7654,1,5
7655,0,2
7656,0,2
7657,0,2
7658,0,3
7659,0,3
7660,0,4
7661,0,1
7662,0,1
7663,0,1
7664,2,1
7665,0,1
7666,0,2
7667,0,1
7668,0,1
7669,0,5
7670,0,1
7671,1,3
7672,0,1
7673,0,4
7674,0,1
7675,0,6
7676,0,7
7677,0,1
7678,1,8
7679,0,1
7680,0,1
7681,0,1
7682,1,4
7683,0,2
7684,0,2
7685,0,1
7686,0,8
7687,0,4
7688,0,7
7689,0,1
7690,0,2
7691,0,9
7692,0,8
7693,0,3
7694,0,4
7695,0,1
7696,0,8
7697,0,1
7698,0,2
7699,0,2
7700,0,1
7701,0,1
7702,0,7
7703,0,1
7704,0,3
7705,1,1
7706,0,1
7707,0,1
7708,3,5
7709,4,3
7710,0,1
7711,1,1
7712,0,1
7713,1,2
7714,0,2
7715,0,5
7716,0,3
7717,1,1
7718,5,2
7719,0,2
7720,0,2
7721,0,7
7722,0,2
7723,1,3
7724,4,3
7725,0,3
7726,1,1
7727,4,5
7728,3,1
7729,0,1
7730,0,3
7731,0,1
7732,0,5
7733,1,2
7734,0,1
7735,0,2
7736,0,2
7737,0,1
7738,0,1
7739,0,4
7740,0,2
7741,0,1
7742,0,4
7743,3,7
7744,0,3
7745,0,1
7746,0,4
7747,0,2
7748,0,8
7749,0,1
7750,0,9
7751,0,2
7752,0,2
7753,1,2
7754,0,5
7755,0,2
7756,3,1
7757,0,4
7758,0,1
7759,0,1
7760,2,2
7761,0,2
7762,0,3
7763,1,3
7764,0,2
7765,0,1
7766,0,6
7767,0,1
7768,0,1
7769,2,1
7770,0,1
7771,0,2
7772,0,2
7773,0,1
7774,0,3
7775,0,2
7776,0,5
7777,0,2
7778,0,2
7779,0,1
7780,0,1
7781,0,1
7782,0,1
7783,0,2
7784,1,3
7785,0,2
7786,0,2
7787,0,4
7788,0,5
7789,0,3
7790,0,7
7791,0,3
7792,0,3
7793,0,9
7794,2,1
7795,0,5
7796,0,1
7797,0,3
7798,0,2
7799,0,2
7800,0,1
7801,2,1
7802,0,9
7803,0,3
7804,0,3
7805,0,1
7806,0,1
7807,0,6
7808,0,2
7809,1,6
7810,0,2
7811,0,8
7812,0,9
7813,0,5
7814,0,7
7815,0,3
7816,0,1
7817,3,5
7818,0,1
7819,0,3
7820,0,3
7821,0,2
7822,1,2
7823,0,1
7824,0,3
7825,0,3
7826,3,1
7827,0,5
7828,0,6
7829,0,1
7830,0,4
7831,0,2
7832,0,4
7833,0,6
7834,0,1
7835,0,2
7836,0,1
7837,0,6
7838,0,1
7839,0,1
7840,0,2
7841,0,3
7842,0,1
7843,0,4
7844,0,2
7845,0,2
7846,0,2
7847,0,6
7848,0,3
7849,1,2
7850,0,1
7851,0,1
7852,3,5
7853,1,4
7854,0,7
7855,0,8
7856,0,2
7857,0,1
7858,0,2
7859,0,6
7860,0,5
7861,0,2
7862,2,3
7863,0,3
7864,0,2
7865,0,2
7866,0,7
7867,3,4
7868,0,1
7869,0,1
7870,0,8
7871,0,7
7872,0,2
7873,0,8
7874,2,2
7875,0,2
7876,0,2
7877,1,1
7878,0,1
7879,1,1
7880,0,7
7881,0,4
7882,0,3
7883,4,6
7884,1,1
7885,0,1
7886,0,2
7887,0,2
7888,1,1
7889,0,2
7890,0,2
7891,0,8
7892,0,2
7893,0,4
7894,1,1
7895,0,2
7896,0,2
7897,0,3
7898,0,1
7899,1,1
7900,0,6
7901,0,2
7902,0,1
7903,0,2
7904,0,5
7905,0,4
7906,0,1
7907,0,1
7908,0,9
7909,0,2
7910,1,3
7911,1,3
7912,0,1
7913,2,3
7914,0,1
7915,0,9
7916,3,2
7917,0,5
7918,0,8
7919,0,2
7920,0,1
7921,0,2
7922,0,1
7923,0,9
7924,2,1
7925,0,5
7926,0,1
7927,0,2
7928,0,9
7929,0,2
7930,0,3
7931,0,3
7932,1,4
7933,3,1
7934,0,1
7935,0,4
7936,0,2
7937,0,2
7938,0,2
7939,0,1
7940,0,5
7941,1,1
7942,0,2
7943,0,2
7944,1,1
7945,0,3
7946,0,2
7947,0,2
7948,0,3
7949,0,3
7950,0,6
7951,0,2
7952,3,8
7953,0,7
7954,0,9
7955,0,1
7956,0,2
7957,0,2
7958,0,1
7959,0,1
7960,0,2
7961,3,3
7962,0,3
7963,0,1
7964,0,3
7965,1,1
7966,0,5
7967,0,1
7968,0,8
7969,3,1
7970,0,3
7971,0,2
7972,0,5
7973,2,3
7974,0,3
7975,3,7
7976,0,4
7977,0,2
7978,0,1
7979,0,2
7980,0,1
7981,0,1
7982,0,1
7983,0,2
7984,0,1
7985,0,1
7986,0,2
7987,0,8
7988,0,8
7989,0,1
7990,0,1
7991,0,2
7992,0,2
7993,0,3
7994,0,4
7995,0,2
7996,0,1
7997,4,1
7998,0,3
7999,0,1
8000,0,1
8001,0,6
8002,0,3
8003,0,1
8004,0,7
8005,0,1
8006,1,4
8007,0,1
8008,0,1
8009,0,1
8010,0,5
8011,0,1
8012,0,1
8013,1,1
8014,0,1
8015,0,6
8016,1,3
8017,0,3
8018,0,1
8019,0,1
8020,0,2
8021,0,1
8022,2,9
8023,0,1
8024,0,1
8025,0,2
8026,0,1
8027,0,4
8028,0,1
8029,0,2
8030,0,2
8031,0,1
8032,3,3
8033,0,1
8034,0,8
8035,0,1
8036,0,2
8037,0,1
8038,0,2
8039,0,4
8040,0,6
8041,0,2
8042,0,1
8043,0,9
8044,0,1
8045,1,4
8046,0,1
8047,0,2
8048,0,2
8049,0,2
8050,0,3
8051,0,2
8052,0,1
8053,0,1
8054,0,2
8055,1,2
8056,0,2
8057,0,1
8058,0,2
8059,0,1
8060,0,4
8061,0,2
8062,0,1
8063,0,3
8064,0,2
8065,0,2
8066,0,6
8067,0,3
8068,1,1
8069,0,2
8070,3,6
8071,0,1
8072,0,1
8073,0,1
8074,0,1
8075,4,1
8076,0,1
8077,0,3
8078,0,1
8079,0,3
8080,0,9
8081,0,1
8082,3,1
8083,0,2
8084,0,2
8085,0,1
8086,0,1
8087,0,2
8088,1,1
8089,0,2
8090,0,1
8091,0,3
8092,1,1
8093,0,2
8094,0,2
8095,0,6
8096,0,3
8097,4,6
8098,0,2
8099,0,1
8100,0,1
8101,0,3
8102,0,2
8103,4,2
8104,1,3
8105,4,1
8106,0,4
8107,2,1
8108,0,2
8109,0,7
8110,0,5
8111,0,5
8112,0,2
8113,0,1
8114,0,7
8115,3,1
8116,0,2
8117,1,3
8118,0,8
8119,0,1
8120,0,1
8121,1,4
8122,0,2
8123,0,2
8124,0,2
8125,0,9
8126,0,2
8127,1,5
8128,0,4
8129,0,3
8130,0,1
8131,0,2
8132,0,1
8133,0,2
8134,0,2
8135,0,6
8136,0,6
8137,1,2
8138,0,1
8139,0,3
8140,0,9
8141,0,2
8142,0,1
8143,0,1
8144,0,4
8145,0,9
8146,0,1
8147,0,1
8148,0,1
8149,0,1
8150,1,8
8151,0,2
8152,0,9
8153,0,1
8154,0,3
8155,0,3
8156,0,1
8157,0,7
8158,0,4
8159,0,1
8160,0,1
8161,0,2
8162,0,1
8163,1,5
8164,0,3
8165,0,6
8166,0,3
8167,5,7
8168,1,1
8169,0,2
8170,0,4
8171,0,2
8172,3,3
8173,0,2
8174,2,3
8175,0,7
8176,1,1
8177,0,1
8178,0,3
8179,1,9
8180,1,1
8181,1,1
8182,1,2
8183,0,3
8184,0,2
8185,0,4
8186,0,2
8187,1,2
8188,0,3
8189,0,3
8190,0,3
8191,0,2
8192,1,1
8193,0,2
8194,2,7
8195,0,1
8196,0,9
8197,4,1
8198,0,3
8199,0,1
8200,2,8
8201,0,2
8202,0,1
8203,0,7
8204,0,1
8205,0,8
8206,0,2
8207,0,3
8208,0,2
8209,1,1
8210,0,2
8211,0,1
8212,0,5
8213,0,2
8214,0,1
8215,0,1
8216,0,2
8217,0,1
8218,0,1
8219,0,2
8220,0,1
8221,1,8
8222,0,4
8223,0,2
8224,0,2
8225,0,2
8226,2,8
8227,1,2
8228,0,6
8229,2,3
8230,1,2
8231,3,2
8232,0,2
8233,3,2
8234,0,2
8235,0,3
8236,0,1
8237,0,2
8238,0,1
8239,0,3
8240,0,2
8241,0,1
8242,0,8
8243,0,1
8244,0,2
8245,0,2
8246,0,1
8247,0,2
8248,2,8
8249,0,3
8250,0,3
8251,1,3
8252,0,9
8253,1,1
8254,0,1
8255,3,6
8256,0,1
8257,4,2
8258,0,1
8259,0,4
8260,0,9
8261,0,2
8262,0,3
8263,0,2
8264,0,5
8265,0,2
8266,0,7
8267,0,9
8268,0,2
8269,0,2
8270,0,9
8271,0,2
8272,0,4
8273,0,1
8274,0,2
8275,0,5
8276,1,7
8277,0,1
8278,0,1
8279,5,1
8280,0,2
8281,1,1
8282,0,1
8283,0,7
8284,0,1
8285,0,1
8286,0,1
8287,0,3
8288,0,2
8289,0,1
8290,0,3
8291,0,6
8292,0,3
8293,0,1
8294,4,1
8295,1,1
8296,0,1
8297,0,3
8298,1,1
8299,0,3
8300,0,1
8301,0,4
8302,0,1
8303,2,1
8304,0,1
8305,0,8
8306,0,1
8307,0,2
8308,0,8
8309,0,1
8310,0,8
8311,0,7
8312,0,1
8313,0,1
8314,0,4
8315,0,1
8316,0,1
8317,0,2
8318,0,6
8319,0,2
8320,0,7
8321,0,7
8322,0,1
8323,0,1
8324,0,1
8325,0,2
8326,0,1
8327,0,2
8328,0,2
8329,0,2
8330,0,1
8331,1,2
8332,0,1
8333,0,9
8334,4,2
8335,0,9
8336,0,9
8337,0,3
8338,0,1
8339,0,2
8340,0,3
8341,0,1
8342,0,6
8343,0,2
8344,0,2
8345,0,4
8346,0,7
8347,0,2
8348,0,2
8349,0,9
8350,0,2
8351,0,1
8352,0,1
8353,0,4
8354,0,3
8355,0,2
8356,1,2
8357,0,5
8358,0,2
8359,0,3
8360,0,3
8361,0,9
8362,2,1
8363,2,1
8364,5,3
8365,0,5
8366,0,3
8367,0,1
8368,0,1
8369,0,1
8370,0,3
8371,0,2
8372,3,8
8373,0,1
8374,0,8
8375,1,2
8376,1,1
8377,0,1
8378,0,1
8379,0,3
8380,0,3
8381,1,9
8382,4,6
8383,2,2
8384,0,1
8385,0,2
8386,0,1
8387,0,3
8388,0,8
8389,3,2
8390,0,1
8391,0,1
8392,0,8
8393,0,4
8394,0,5
8395,0,1
8396,0,1
8397,0,1
8398,0,7
8399,1,2
8400,0,2
8401,0,3
8402,0,1
8403,2,1
8404,1,7
8405,0,2
8406,1,1
8407,0,1
8408,0,6
8409,0,2
8410,0,1
8411,0,3
8412,2,1
8413,0,1
8414,0,2
8415,0,2
8416,4,3
8417,0,2
8418,0,1
8419,0,2
8420,0,1
8421,1,4
8422,0,2
8423,1,1
8424,0,1
8425,0,1
8426,0,1
8427,0,6
8428,0,2
8429,0,2
8430,0,3
8431,0,8
8432,0,3
8433,2,7
8434,0,3
8435,0,1
8436,0,5
8437,0,9
8438,0,1
8439,0,1
8440,0,6
8441,0,3
8442,0,1
8443,0,3
8444,0,2
8445,0,1
8446,0,7
8447,2,3
8448,1,1
8449,0,2
8450,0,2
8451,0,1
8452,0,3
8453,0,2
8454,0,2
8455,0,1
8456,0,9
8457,0,2
8458,0,1
8459,0,2
8460,2,2
8461,0,1
8462,1,2
8463,0,1
8464,0,8
8465,0,8
8466,0,2
8467,0,1
8468,0,1
8469,0,1
8470,0,2
8471,0,6
8472,0,1
8473,0,2
8474,0,3
8475,0,9
8476,1,2
8477,1,9
8478,0,3
8479,0,1
8480,0,2
8481,4,3
8482,0,5
8483,0,1
8484,0,7
8485,0,2
8486,0,1
8487,1,1
8488,0,2
8489,4,1
8490,0,1
8491,0,2
8492,0,3
8493,0,6
8494,0,7
8495,0,3
8496,0,7
8497,0,8
8498,3,2
8499,1,1
8500,0,2
8501,0,2
8502,0,1
8503,0,4
8504,0,1
8505,0,2
8506,0,5
8507,0,8
8508,0,2
8509,0,3
8510,0,1
8511,0,1
8512,4,3
8513,0,1
8514,0,2
8515,0,1
8516,0,3
8517,0,1
8518,0,2
8519,0,1
8520,0,6
8521,0,3
8522,0,2
8523,0,4
8524,0,1
8525,1,2
8526,0,2
8527,2,1
8528,0,2
8529,0,2
8530,0,1
8531,0,9
8532,1,1
8533,0,1
8534,0,3
8535,0,3
8536,0,1
8537,0,3
8538,0,4
8539,0,3
8540,0,3
8541,0,9
8542,1,2
8543,0,7
8544,0,5
8545,0,1
8546,0,2
8547,0,9
8548,0,2
8549,0,4
8550,0,1
8551,4,2
8552,3,2
8553,0,8
8554,0,2
8555,0,1
8556,0,7
8557,0,1
8558,0,3
8559,0,5
8560,0,7
8561,0,8
8562,0,2
8563,0,7
8564,0,5
8565,0,4
8566,0,2
8567,0,1
8568,0,1
8569,1,1
8570,1,3
8571,0,9
8572,0,2
8573,0,8
8574,0,3
8575,0,1
8576,0,1
8577,0,3
8578,0,8
8579,1,1
8580,0,9
8581,1,4
8582,0,1
8583,0,1
8584,0,2
8585,0,6
8586,2,9
8587,0,2
8588,0,7
8589,1,2
8590,0,2
8591,1,1
8592,0,6
8593,0,7
8594,0,3
8595,0,1
8596,0,9
8597,0,1
8598,0,1
8599,0,5
8600,0,9
8601,0,2
8602,1,3
8603,0,6
8604,0,4
8605,0,1
8606,1,8
8607,0,1
8608,4,1
8609,0,1
8610,0,6
8611,0,1
8612,1,2
8613,0,3
8614,0,3
8615,0,2
8616,0,1
8617,0,3
8618,0,4
8619,0,6
8620,0,3
8621,0,2
8622,1,8
8623,0,2
8624,2,2
8625,4,1
8626,0,5
8627,0,2
8628,0,6
8629,0,1
8630,0,3
8631,0,1
8632,0,6
8633,0,8
8634,0,2
8635,0,4
8636,0,4
8637,0,1
8638,1,1
8639,0,1
8640,0,1
8641,0,2
8642,0,7
8643,0,1
8644,0,1
8645,0,4
8646,0,2
8647,0,1
8648,0,2
8649,1,1
8650,1,1
8651,1,4
8652,0,1
8653,0,8
8654,1,7
8655,0,5
8656,1,2
8657,0,4
8658,1,2
8659,0,2
8660,0,1
8661,0,2
8662,0,1
8663,2,2
8664,0,2
8665,1,6
8666,0,1
8667,0,1
8668,0,6
8669,0,2
8670,0,1
8671,0,1
8672,0,2
8673,0,3
8674,0,2
8675,0,1
8676,0,2
8677,0,2
8678,0,6
8679,0,3
8680,1,9
8681,0,1
8682,2,1
8683,0,3
8684,0,2
8685,1,8
8686,0,9
8687,1,2
8688,0,1
8689,0,2
8690,0,1
8691,0,4
8692,0,1
8693,0,1
8694,0,2
8695,0,2
8696,1,2
8697,0,1
8698,1,5
8699,0,2
8700,0,7
8701,0,3
8702,0,2
8703,0,2
8704,0,1
8705,0,7
8706,0,1
8707,0,3
8708,0,3
8709,0,7
8710,0,8
8711,0,1
8712,0,8
8713,1,1
8714,0,1
8715,0,6
8716,0,1
8717,0,5
8718,0,2
8719,1,2
8720,4,3
8721,0,1
8722,0,2
8723,0,5
8724,3,7
8725,0,1
8726,0,3
8727,0,8
8728,1,5
8729,0,2
8730,0,2
8731,0,1
8732,0,2
8733,0,7
8734,0,8
8735,4,4
8736,0,1
8737,2,1
8738,0,1
8739,1,3
8740,0,3
8741,0,1
8742,4,3
8743,5,1
8744,0,3
8745,0,1
8746,0,6
8747,0,2
8748,0,2
8749,0,2
8750,0,2
8751,0,7
8752,1,2
8753,0,1
8754,0,1
8755,0,8
8756,0,1
8757,0,1
8758,0,9
8759,0,1
8760,0,3
8761,0,2
8762,0,1
8763,1,2
8764,0,1
8765,1,2
8766,0,4
8767,0,1
8768,0,1
8769,0,1
8770,0,1
8771,0,6
8772,0,1
8773,0,1
8774,0,1
8775,0,3
8776,0,2
8777,0,7
8778,1,4
8779,0,1
8780,0,3
8781,0,6
8782,0,1
8783,0,6
8784,0,1
8785,0,1
8786,0,2
8787,0,3
8788,0,7
8789,0,2
8790,0,1
8791,0,3
8792,0,2
8793,0,2
8794,1,1
8795,0,3
8796,1,1
8797,0,5
8798,0,1
8799,0,2
8800,0,2
8801,0,3
8802,0,2
8803,0,2
8804,0,2
8805,0,1
8806,0,1
8807,0,3
8808,0,3
8809,0,2
8810,0,1
8811,0,7
8812,0,1
8813,0,8
8814,0,2
8815,0,2
8816,0,5
8817,0,1
8818,0,2
8819,0,9
8820,0,7
8821,1,2
8822,0,8
8823,0,7
8824,0,7
8825,0,2
8826,0,2
8827,0,1
8828,0,1
8829,0,1
8830,0,5
8831,0,1
8832,0,1
8833,0,1
8834,0,5
8835,0,2
8836,0,1
8837,1,3
8838,0,5
8839,3,9
8840,0,1
8841,0,3
8842,1,3
8843,0,2
8844,1,7
8845,0,6
8846,2,7
8847,0,3
8848,0,2
8849,0,3
8850,0,3
8851,0,8
8852,2,2
8853,3,5
8854,0,2
8855,0,1
8856,0,2
8857,0,8
8858,0,1
8859,0,4
8860,0,2
8861,4,3
8862,0,1
8863,1,1
8864,0,1
8865,0,1
8866,0,2
8867,0,1
8868,0,2
8869,0,3
8870,1,3
8871,3,8
8872,0,5
8873,0,8
8874,3,4
8875,0,1
8876,0,1
8877,0,1
8878,0,1
8879,2,2
8880,1,8
8881,1,2
8882,0,2
8883,0,9
8884,0,3
8885,0,4
8886,1,2
8887,0,1
8888,0,1
8889,5,3
8890,0,2
8891,0,1
8892,0,1
8893,0,1
8894,0,3
8895,0,8
8896,2,1
8897,0,1
8898,0,2
8899,0,5
8900,0,2
8901,0,1
8902,0,2
8903,0,3
8904,4,8
8905,1,1
8906,2,5
8907,0,3
8908,0,1
8909,0,8
8910,0,2
8911,0,9
8912,0,1
8913,0,2
8914,4,1
8915,0,2
8916,0,2
8917,0,1
8918,0,8
8919,1,1
8920,0,1
8921,0,3
8922,1,2
8923,0,1
8924,0,2
8925,0,1
8926,0,1
8927,0,2
8928,0,1
8929,0,2
8930,0,9
8931,0,3
8932,1,1
8933,0,2
8934,0,1
8935,0,2
8936,0,6
8937,0,2
8938,0,2
8939,0,2
8940,0,2
8941,1,2
8942,0,2
8943,0,7
8944,3,3
8945,0,4
8946,0,2
8947,4,1
8948,0,3
8949,0,2
8950,0,1
8951,0,2
8952,0,9
8953,0,6
8954,0,8
8955,0,4
8956,0,2
8957,2,1
8958,1,7
8959,0,2
8960,0,1
8961,0,1
8962,0,2
8963,0,3
8964,0,2
8965,1,7
8966,0,1
8967,0,2
8968,0,1
8969,0,8
8970,0,2
8971,0,9
8972,0,1
8973,0,1
8974,1,1
8975,0,1
8976,0,5
8977,0,3
8978,0,6
8979,0,1
8980,0,1
8981,0,1
8982,1,1
8983,1,2
8984,1,6
8985,0,1
8986,0,1
8987,0,1
8988,1,1
8989,0,1
8990,3,7
8991,1,9
8992,0,4
8993,0,3
8994,0,4
8995,3,1
8996,0,2
8997,0,1
8998,0,2
8999,0,6
9000,0,8
9001,0,2
9002,0,2
9003,0,2
9004,0,1
9005,0,1
9006,2,9
9007,0,1
9008,0,3
9009,0,7
9010,0,6
9011,0,9
9012,0,2
9013,0,2
9014,0,1
9015,1,1
9016,0,4
9017,0,9
9018,0,4
9019,0,1
9020,0,2
9021,0,6
9022,0,5
9023,0,1
9024,0,1
9025,3,8
9026,0,4
9027,0,8
9028,0,1
9029,0,1
9030,0,5
9031,0,1
9032,0,1
9033,1,3
9034,0,2
9035,0,3
9036,0,7
9037,0,1
9038,1,1
9039,0,2
9040,0,1
9041,0,2
9042,0,1
9043,3,7
9044,0,3
9045,0,1
9046,0,1
9047,0,1
9048,1,7
9049,1,2
9050,0,2
9051,0,1
9052,0,1
9053,0,3
9054,1,3
9055,0,5
9056,0,1
9057,0,2
9058,1,2
9059,0,6
9060,2,4
9061,0,3
9062,0,2
9063,0,2
9064,1,1
9065,0,2
9066,0,2
9067,0,1
9068,0,2
9069,1,1
9070,1,2
9071,0,5
9072,0,1
9073,2,3
9074,0,1
9075,2,2
9076,0,3
9077,0,8
9078,0,1
9079,0,3
9080,0,1
9081,0,2
9082,0,1
9083,1,1
9084,0,5
9085,1,1
9086,0,1
9087,1,1
9088,0,1
9089,0,3
9090,0,3
9091,0,3
9092,2,3
9093,0,3
9094,0,5
9095,0,1
9096,0,1
9097,0,2
9098,0,1
9099,0,1
9100,0,1
9101,0,8
9102,0,1
9103,0,4
9104,0,1
9105,3,3
9106,0,9
9107,0,1
9108,0,1
9109,0,1
9110,0,2
9111,1,1
9112,0,1
9113,0,1
9114,0,3
9115,0,2
9116,0,3
9117,0,2
9118,0,3
9119,1,3
9120,5,1
9121,2,1
9122,0,2
9123,0,3
9124,0,2
9125,0,2
9126,0,4
9127,0,3
9128,0,1
9129,0,2
9130,0,1
9131,3,2
9132,0,3
9133,0,1
