,total_claim_amount
0,384.811147
1,566.472247
2,529.881344
3,138.130879
4,159.383042
5,363.02968
6,425.527834
7,482.4
8,528.0
9,472.029737
10,528.0
11,307.139132
12,42.920271
13,454.245098
14,647.442031
15,308.981664
16,484.8
17,355.2
18,379.2
19,554.376763
20,439.2
21,389.185006
22,799.2
23,516.237951
24,532.8
25,384.0
26,322.294043
27,308.15089
28,302.4
29,15.437681
30,204.475147
31,561.6
32,436.8
33,648.0
34,157.397849
35,484.318536
36,18.918935
37,882.871945
38,494.4
39,292.8
40,579.165954
41,447.79344
42,529.624084
43,313.023175
44,173.956072
45,307.2
46,831.625979
47,436.8
48,302.56519
49,484.8
50,704.768111
51,518.4
52,312.0
53,504.0
54,863.327324
55,676.391482
56,350.4
57,537.6
58,465.258644
59,456.0
60,500.254235
61,5.434505
62,307.2
63,350.4
64,29.03416
65,321.6
66,115.728852
67,25.807685
68,787.993313
69,489.6
70,302.4
71,475.623251
72,320.849072
73,460.8
74,282.151207
75,321.6
76,364.8
77,679.827592
78,631.743039
79,11.879037
80,350.529033
81,297.6
82,380.036697
83,513.6
84,425.266308
85,49.011099
86,513.6
87,45.152521
88,561.6
89,271.606799
90,408.0
91,470.4
92,784.8
93,316.8
94,489.6
95,638.4
96,368.400146
97,236.902001
98,582.679087
99,326.4
100,101.89645
101,143.747794
102,424.077159
103,316.8
104,2.704934
105,523.2
106,113.801497
107,192.87572
108,828.662719
109,532.8
110,53.798708
111,606.642452
112,289.9122
113,392.604371
114,721.242206
115,456.52385
116,460.8
117,251.992083
118,345.6
119,321.6
120,99.257608
121,504.0
122,336.0
123,604.8
124,8.312729
125,316.599228
126,312.0
127,56.300724
128,393.6
129,701.708239
130,128.705563
131,679.368378
132,497.126827
133,566.4
134,347.857619
135,554.4
136,465.41477
137,496.8
138,292.8
139,542.319401
140,25.438063
141,292.8
142,787.993313
143,84.024413
144,215.8182
145,232.926145
146,532.8
147,710.433775
148,552.0
149,408.374746
150,408.0
151,792.0
152,532.8
153,754.358929
154,702.990032
155,206.837111
156,275.395894
157,459.738128
158,496.8
159,336.0
160,321.6
161,302.4
162,430.994107
163,67.632476
164,364.8
165,722.486994
166,590.4
167,481.027516
168,669.682001
169,240.259479
170,556.8
171,115.086827
172,470.4
173,321.6
174,383.167471
175,307.963291
176,355.2
177,520.364752
178,466.436375
179,451.670309
180,537.6
181,345.6
182,355.2
183,331.2
184,398.4
185,494.4
186,369.6
187,156.124914
188,350.4
189,231.201886
190,729.6
191,326.4
192,350.4
193,639.464548
194,292.8
195,383.442328
196,316.8
197,99.085943
198,307.2
199,566.935022
200,436.8
201,412.8
202,307.2
203,321.6
204,773.470977
205,523.2
206,508.8
207,364.240307
208,638.4
209,354.729129
210,283.995953
211,403.2
212,20.543176
213,140.165035
214,321.6
215,398.4
216,102.879769
217,463.158502
218,205.444066
219,741.6
220,813.6
221,494.4
222,795.864079
223,614.4
224,72.438681
225,532.8
226,67.881546
227,641.388616
228,342.481173
229,331.2
230,340.8
231,412.101933
232,73.700573
233,374.4
234,350.4
235,345.6
236,722.024742
237,259.361117
238,537.6
239,396.295614
240,653.388564
241,121.032372
242,92.813396
243,528.0
244,159.636956
245,727.2
246,321.6
247,42.078345
248,676.944023
249,566.4
250,580.473259
251,60.036683
252,321.6
253,47.53101
254,303.872752
255,100.620067
256,481.339891
257,508.8
258,86.320022
259,470.4
260,667.2
261,56.60333
262,262.865172
263,309.577946
264,350.4
265,365.364581
266,384.0
267,705.6
268,9.51528
269,244.564334
270,639.105556
271,453.6
272,511.2
273,554.522969
274,336.0
275,402.449823
276,327.020539
277,5.3953
278,131.401291
279,99.382943
280,856.8
281,518.4
282,292.8
283,340.8
284,350.4
285,340.8
286,260.879903
287,64.546877
288,441.6
289,37.910623
290,345.6
291,94.030308
292,331.2
293,355.2
294,286.234931
295,316.8
296,466.570791
297,364.8
298,331.2
299,312.0
300,421.484456
301,398.502948
302,7.646763
303,55.510526
304,351.270869
305,647.454583
306,128.43823
307,480.0
308,518.4
309,379.2
310,244.362072
311,201.455005
312,297.6
313,552.0
314,741.418485
315,305.575785
316,376.126419
317,701.708239
318,176.819414
319,104.454624
320,468.0
321,121.306839
322,460.8
323,67.859881
324,539.843003
325,556.8
326,350.4
327,765.709629
328,321.6
329,19.938981
330,268.819985
331,331.2
332,297.6
333,412.8
334,806.4
335,532.8
336,691.412378
337,804.811859
338,50.587035
339,537.6
340,347.075948
341,271.697529
342,638.4
343,639.45899
344,345.6
345,528.0
346,595.2
347,624.0
348,355.2
349,235.220971
350,395.34111
351,542.4
352,772.798511
353,633.6
354,350.4
355,307.2
356,633.6
357,504.0
358,845.654042
359,92.915251
360,668.29397
361,700.901632
362,525.6
363,25.299
364,375.330097
365,418.233667
366,398.240791
367,338.619869
368,339.344531
369,302.818833
370,326.4
371,259.561195
372,336.0
373,179.161843
374,662.4
375,75.501852
376,84.026848
377,139.489926
378,607.4459
379,631.124372
380,628.023494
381,336.0
382,426.655599
383,91.417923
384,317.844812
385,460.8
386,156.124914
387,362.774545
388,614.675906
389,662.4
390,331.2
391,145.252168
392,374.240783
393,355.2
394,528.0
395,619.2
396,561.6
397,504.0
398,460.8
399,468.566133
400,842.43785
401,475.2
402,268.471802
403,494.4
404,475.2
405,138.722385
406,467.24802
407,467.503236
408,667.2
409,619.973889
410,321.6
411,384.0
412,251.774574
413,866.208321
414,787.993313
415,619.2
416,72.852047
417,302.4
418,316.8
419,489.6
420,56.60333
421,259.060862
422,456.0
423,364.8
424,470.4
425,299.356083
426,699.1679
427,117.959654
428,545.240341
429,66.568642
430,722.178166
431,609.6
432,542.4
433,532.8
434,369.614729
435,655.41333
436,312.0
437,345.6
438,673.34265
439,619.2
440,513.6
441,23.810491
442,451.2
443,307.2
444,408.0
445,231.922173
446,292.8
447,46.492039
448,432.0
449,78.085149
450,564.466556
451,739.2
452,792.0
453,289.040734
454,155.938593
455,302.4
456,326.549425
457,653.65668
458,103.935601
459,809.532341
460,321.6
461,528.0
462,312.0
463,580.72531
464,59.987126
465,238.005074
466,245.447622
467,135.26125
468,571.2
469,566.4
470,297.6
471,312.0
472,637.063458
473,537.6
474,460.8
475,75.936096
476,799.2
477,603.058114
478,67.530904
479,312.921256
480,166.937747
481,566.4
482,135.382194
483,17.742954
484,1.838367
485,197.776009
486,331.2
487,316.8
488,600.0
489,542.4
490,392.6364
491,215.226476
492,160.598662
493,371.803029
494,312.0
495,443.670399
496,612.300581
497,290.391526
498,316.795337
499,405.527937
500,208.598246
501,301.437365
502,456.473115
503,152.338562
504,491.755368
505,430.375049
506,633.6
507,350.4
508,246.489123
509,128.969729
510,185.355353
511,9.071305
512,133.475315
513,321.6
514,623.223617
515,427.2
516,326.4
517,321.6
518,494.4
519,211.336937
520,227.872071
521,862.762957
522,513.6
523,537.6
524,225.145949
525,456.0
526,182.432565
527,644.755653
528,525.6
529,333.886816
530,311.103582
531,212.391975
532,297.6
533,174.041566
534,257.900458
535,486.278557
536,345.6
537,1.924709
538,518.4
539,326.4
540,262.12205
541,541.695658
542,326.4
543,456.0
544,63.043197
545,15.631363
546,441.6
547,375.866091
548,364.8
549,355.2
550,113.450122
551,16.03451
552,615.27228
553,615.256301
554,74.523935
555,426.072946
556,169.287785
557,419.464143
558,201.455005
559,662.69318
560,494.4
561,494.4
562,326.4
563,669.6
564,141.199465
565,58.557552
566,302.4
567,316.8
568,8.582971
569,285.418473
570,566.4
571,410.508316
572,244.23135
573,218.598065
574,643.826716
575,336.0
576,497.047297
577,657.6
578,5.622751
579,292.8
580,333.5671
581,667.2
582,34.651305
583,678.100487
584,525.6
585,292.8
586,292.8
587,174.588413
588,159.391681
589,698.4
590,232.711071
591,190.43446
592,79.865605
593,393.6
594,382.085897
595,48.348319
596,528.0
597,561.414794
598,23.820158
599,407.99684
600,844.229478
601,345.6
602,340.306584
603,626.116259
604,56.60333
605,784.65781
606,441.6
607,398.502948
608,63.516572
609,120.015609
610,316.8
611,82.041684
612,22.819088
613,302.4
614,422.4
615,316.8
616,489.6
617,312.0
618,468.0
619,511.497882
620,494.4
621,239.540223
622,518.180364
623,715.252366
624,156.124914
625,402.070719
626,94.814032
627,456.0
628,523.2
629,571.2
630,513.6
631,504.0
632,73.883044
633,632.715382
634,355.2
635,4.238626
636,42.248087
637,739.2
638,270.002766
639,292.8
640,494.946438
641,142.567008
642,425.266308
643,312.0
644,326.4
645,251.334247
646,369.818708
647,161.419528
648,537.6
649,292.8
650,312.0
651,255.999709
652,484.8
653,61.769564
654,141.799422
655,49.797016
656,372.175592
657,542.14385
658,504.0
659,768.0
660,720.601429
661,576.0
662,481.025786
663,466.176731
664,159.266473
665,547.2
666,503.808329
667,859.599411
668,305.653785
669,278.902846
670,139.963594
671,174.041566
672,321.6
673,37.299865
674,513.6
675,446.4
676,72.205362
677,292.8
678,475.2
679,331.2
680,331.2
681,401.592109
682,253.183568
683,643.2
684,799.673766
685,727.2
686,91.834668
687,27.987867
688,270.563995
689,292.8
690,158.077504
691,667.2
692,148.173152
693,404.265696
694,18.918935
695,268.471802
696,131.828507
697,628.8
698,392.235698
699,0.382107
700,51.961915
701,350.4
702,379.2
703,297.6
704,571.2
705,350.853987
706,217.973168
707,441.6
708,25.934064
709,297.6
710,84.218363
711,628.8
712,321.6
713,153.205591
714,629.532731
715,361.284757
716,460.8
717,340.8
718,425.800112
719,312.0
720,159.756733
721,24.087774
722,302.4
723,219.288706
724,26.951627
725,466.122541
726,475.2
727,607.095655
728,331.2
729,558.099357
730,336.0
731,828.0
732,540.514115
733,59.861963
734,871.505797
735,53.084753
736,256.43803
737,135.892444
738,74.350893
739,621.464468
740,360.05589
741,65.954813
742,407.450118
743,547.2
744,547.2
745,806.4
746,24.063693
747,311.329282
748,42.689135
749,460.323855
750,249.085887
751,331.2
752,300.607591
753,263.365432
754,307.2
755,302.4
756,297.6
757,297.6
758,542.4
759,432.0
760,499.2
761,45.507952
762,470.4
763,691.2
764,408.0
765,82.409922
766,357.642982
767,643.2
768,420.35698
769,136.787725
770,331.2
771,158.077504
772,170.798204
773,266.165535
774,281.295903
775,631.743039
776,468.0
777,29.209521
778,136.883999
779,312.0
780,518.4
781,31.755601
782,113.534474
783,480.159011
784,390.792553
785,72.071195
786,316.8
787,552.0
788,411.011162
789,600.0
790,648.0
791,4.110585
792,351.149904
793,284.000172
794,496.474767
795,13.164097
796,312.0
797,463.335061
798,180.667969
799,508.8
800,340.8
801,513.6
802,141.922839
803,349.783046
804,494.4
805,54.065538
806,342.515136
807,441.6
808,275.989978
809,472.599683
810,547.2
811,7.345946
812,383.363758
813,537.765151
814,19.575683
815,108.138715
816,408.0
817,707.303416
818,807.947292
819,618.630955
820,404.272806
821,710.4
822,312.0
823,707.977614
824,336.0
825,367.92773
826,68.226001
827,287.149807
828,312.0
829,595.2
830,391.636628
831,547.2
832,640.8
833,232.674417
834,336.50961
835,470.4
836,523.2
837,328.870868
838,496.8
839,85.063708
840,42.096415
841,300.528579
842,144.782152
843,64.598216
844,532.8
845,347.857619
846,128.645946
847,61.769564
848,316.8
849,720.752945
850,340.656963
851,546.524896
852,489.411833
853,171.325856
854,801.577478
855,30.874869
856,361.455219
857,633.6
858,547.2
859,451.2
860,469.030907
861,302.4
862,145.673348
863,136.684141
864,277.685667
865,468.0
866,292.8
867,350.4
868,264.563772
869,292.8
870,641.230581
871,326.4
872,20.382876
873,415.768941
874,527.421579
875,57.614392
876,272.217171
877,91.834668
878,345.6
879,504.0
880,460.8
881,302.586407
882,523.2
883,523.2
884,542.4
885,566.4
886,468.0
887,302.4
888,294.92773
889,518.4
890,542.4
891,71.729298
892,460.8
893,447.911255
894,566.4
895,307.2
896,537.391704
897,518.4
898,633.6
899,492.770321
900,321.6
901,811.086484
902,336.0
903,482.4
904,701.708239
905,95.338505
906,547.2
907,409.763267
908,46.386546
909,157.440069
910,451.2
911,340.8
912,302.791402
913,596.050118
914,340.8
915,8.44322
916,588.742251
917,76.112618
918,451.2
919,541.561209
920,292.8
921,125.274351
922,137.169296
923,694.598288
924,511.2
925,421.456547
926,556.8
927,475.2
928,528.0
929,561.6
930,756.0
931,489.6
932,315.004602
933,422.947888
934,756.0
935,277.27294
936,456.0
937,604.8
938,780.090361
939,331.2
940,66.020788
941,457.471225
942,348.278032
943,240.241499
944,326.4
945,350.4
946,419.062661
947,67.530904
948,417.6
949,469.491537
950,542.4
951,336.0
952,590.4
953,355.2
954,316.8
955,326.4
956,297.6
957,188.325603
958,475.2
959,508.8
960,316.8
961,57.712985
962,294.319428
963,147.080303
964,489.6
965,666.724937
966,42.238585
967,700.331425
968,527.139074
969,48.828732
970,191.640085
971,202.847644
972,418.864555
973,203.352239
974,4.61262
975,336.0
976,550.825934
977,261.930545
978,667.2
979,537.6
980,76.025368
981,528.0
982,136.829537
983,9.747443
984,779.052276
985,231.201886
986,628.498605
987,369.6
988,623.505066
989,451.670309
990,403.2
991,114.273025
992,667.2
993,355.2
994,460.8
995,791.878042
996,634.385937
997,277.795988
998,741.6
999,134.222332
1000,15.616535
1001,621.959357
1002,513.6
1003,779.629297
1004,425.964628
1005,513.252488
1006,674.973614
1007,465.763576
1008,351.286604
1009,417.6
1010,451.670309
1011,446.4
1012,293.86579
1013,192.213037
1014,446.4
1015,547.2
1016,820.8
1017,518.4
1018,161.423101
1019,81.452537
1020,57.712985
1021,371.802628
1022,103.022126
1023,101.353875
1024,294.058449
1025,204.74051
1026,355.2
1027,35.45384
1028,384.0
1029,513.6
1030,441.757585
1031,660.430456
1032,239.328571
1033,372.652536
1034,499.2
1035,647.039443
1036,523.888845
1037,234.234301
1038,57.712985
1039,430.818992
1040,871.2
1041,223.950089
1042,735.683769
1043,314.880326
1044,323.485239
1045,80.663097
1046,590.4
1047,408.0
1048,316.8
1049,513.6
1050,554.4
1051,392.951076
1052,436.8
1053,331.2
1054,750.082794
1055,417.6
1056,652.8
1057,312.0
1058,482.4
1059,345.6
1060,229.930796
1061,371.108203
1062,117.998498
1063,434.09776
1064,211.136067
1065,290.432527
1066,283.966321
1067,227.916076
1068,134.430084
1069,525.515271
1070,144.439335
1071,694.598288
1072,172.518524
1073,350.4
1074,300.703109
1075,388.8
1076,777.6
1077,262.047663
1078,638.4
1079,292.8
1080,355.2
1081,412.8
1082,496.8
1083,513.6
1084,321.6
1085,253.364333
1086,340.8
1087,266.949266
1088,479.097472
1089,494.847804
1090,316.8
1091,312.0
1092,379.2
1093,378.695238
1094,292.8
1095,93.623377
1096,308.631159
1097,396.17554
1098,537.6
1099,340.8
1100,208.659743
1101,316.8
1102,369.818708
1103,458.568921
1104,379.2
1105,414.519064
1106,87.861666
1107,160.07526
1108,561.6
1109,416.365369
1110,257.248789
1111,826.658992
1112,486.278557
1113,419.365958
1114,321.6
1115,386.031248
1116,329.206567
1117,126.779673
1118,225.578841
1119,72.665253
1120,8.737111
1121,394.582401
1122,97.176153
1123,151.13336
1124,281.110788
1125,523.815839
1126,316.8
1127,424.330166
1128,446.4
1129,475.2
1130,389.673944
1131,199.37361
1132,302.4
1133,614.4
1134,580.886785
1135,355.2
1136,432.0
1137,302.4
1138,73.995096
1139,535.926948
1140,88.173438
1141,441.6
1142,441.6
1143,293.205349
1144,222.582872
1145,340.8
1146,326.4
1147,117.744416
1148,524.836298
1149,42.689135
1150,523.2
1151,174.086385
1152,350.4
1153,364.8
1154,331.2
1155,806.4
1156,46.104534
1157,597.6
1158,358.765757
1159,331.2
1160,837.438442
1161,114.273025
1162,364.8
1163,734.4
1164,403.2
1165,447.333545
1166,174.292234
1167,289.040734
1168,628.8
1169,450.996589
1170,19.575683
1171,3.772105
1172,8.076879
1173,466.318191
1174,340.8
1175,368.919773
1176,166.507217
1177,566.4
1178,263.957201
1179,215.23091
1180,398.190882
1181,205.332749
1182,544.362598
1183,79.615631
1184,871.2
1185,123.436634
1186,304.390472
1187,614.367195
1188,245.673365
1189,403.2
1190,451.2
1191,379.2
1192,383.043363
1193,154.748539
1194,307.2
1195,561.6
1196,717.285949
1197,251.756739
1198,383.655742
1199,573.990258
1200,199.590599
1201,820.8
1202,525.6
1203,355.641958
1204,388.8
1205,518.4
1206,511.2
1207,475.2
1208,24.555177
1209,199.791024
1210,523.815839
1211,407.045238
1212,406.999443
1213,355.2
1214,126.509441
1215,724.463534
1216,297.6
1217,379.2
1218,345.6
1219,156.124914
1220,137.665031
1221,345.619809
1222,572.072106
1223,226.9684
1224,109.906628
1225,297.6
1226,323.637414
1227,321.6
1228,85.146928
1229,345.951322
1230,446.4
1231,315.950185
1232,499.2
1233,645.952371
1234,23.387192
1235,171.38289
1236,302.4
1237,209.25613
1238,544.340079
1239,508.8
1240,326.4
1241,532.8
1242,489.6
1243,371.458196
1244,757.593913
1245,185.355353
1246,292.8
1247,529.147483
1248,341.680131
1249,806.4
1250,727.2
1251,373.881547
1252,600.0
1253,419.105559
1254,479.934846
1255,345.6
1256,372.362565
1257,619.698644
1258,297.6
1259,239.905208
1260,167.138119
1261,578.499499
1262,406.430632
1263,655.2
1264,339.399593
1265,422.4
1266,806.4
1267,508.703134
1268,345.6
1269,528.0
1270,678.209827
1271,489.6
1272,409.985435
1273,446.4
1274,581.077056
1275,11.451889
1276,441.6
1277,101.826804
1278,50.528355
1279,552.0
1280,697.272246
1281,220.018279
1282,316.8
1283,556.8
1284,336.0
1285,328.314222
1286,436.8
1287,244.212286
1288,680.047456
1289,316.8
1290,231.201886
1291,504.0
1292,81.710575
1293,50.422181
1294,412.8
1295,316.8
1296,189.835063
1297,295.224598
1298,326.4
1299,261.930545
1300,395.328407
1301,552.0
1302,412.8
1303,49.451117
1304,528.0
1305,257.090387
1306,328.942798
1307,571.2
1308,401.785805
1309,44.780402
1310,345.6
1311,329.206567
1312,441.6
1313,240.221415
1314,513.6
1315,73.719521
1316,511.2
1317,307.2
1318,676.8
1319,472.271907
1320,604.8
1321,287.5426
1322,783.431945
1323,763.2
1324,321.6
1325,380.822087
1326,425.800112
1327,316.35678
1328,900.0
1329,451.2
1330,400.181882
1331,350.4
1332,345.6
1333,432.0
1334,112.633539
1335,141.725051
1336,392.235698
1337,345.6
1338,594.444586
1339,450.080101
1340,281.163705
1341,135.340489
1342,593.654484
1343,518.720216
1344,19.251693
1345,182.948495
1346,167.738267
1347,45.721456
1348,316.8
1349,281.110788
1350,445.879224
1351,334.892437
1352,204.448708
1353,305.552429
1354,571.136574
1355,655.2
1356,456.0
1357,556.8
1358,331.2
1359,571.2
1360,81.255741
1361,532.8
1362,355.2
1363,316.8
1364,336.0
1365,82.427785
1366,42.689135
1367,321.6
1368,409.868003
1369,240.176533
1370,182.436205
1371,124.933587
1372,528.0
1373,122.912377
1374,196.37368
1375,237.896227
1376,547.2
1377,312.0
1378,374.4
1379,333.696228
1380,427.2
1381,445.29049
1382,561.6
1383,357.926979
1384,67.490616
1385,166.937747
1386,33.718553
1387,315.826382
1388,295.04969
1389,34.689611
1390,214.586742
1391,204.872273
1392,655.2
1393,95.925021
1394,664.280864
1395,389.750793
1396,109.906628
1397,271.10697
1398,499.2
1399,182.964184
1400,200.812425
1401,321.6
1402,329.013275
1403,853.473552
1404,42.693918
1405,297.6
1406,489.6
1407,444.620265
1408,108.995934
1409,479.028818
1410,460.8
1411,323.246017
1412,441.6
1413,433.160284
1414,453.578343
1415,496.8
1416,496.8
1417,209.176923
1418,425.662574
1419,120.477298
1420,340.8
1421,316.8
1422,667.2
1423,468.176056
1424,340.8
1425,355.2
1426,220.304649
1427,331.2
1428,445.817914
1429,357.757645
1430,236.739322
1431,600.0
1432,297.6
1433,41.628869
1434,375.11129
1435,321.6
1436,244.801119
1437,393.6
1438,2.96438
1439,342.471939
1440,523.815839
1441,416.637499
1442,508.8
1443,362.743231
1444,225.517666
1445,340.8
1446,350.4
1447,624.0
1448,340.8
1449,255.454322
1450,203.993499
1451,151.843731
1452,697.186307
1453,489.6
1454,423.286512
1455,293.865315
1456,468.0
1457,316.492058
1458,312.0
1459,456.0
1460,619.2
1461,302.4
1462,245.076091
1463,91.198362
1464,615.243841
1465,321.6
1466,292.8
1467,292.8
1468,720.0
1469,149.269407
1470,324.317667
1471,839.348464
1472,499.2
1473,203.568733
1474,657.290491
1475,403.385123
1476,5.746657
1477,340.8
1478,49.451117
1479,449.408637
1480,460.084192
1481,451.670309
1482,316.8
1483,326.4
1484,542.4
1485,228.641342
1486,542.016902
1487,214.866605
1488,278.964095
1489,329.522858
1490,163.345647
1491,501.472124
1492,580.8
1493,807.168846
1494,226.522147
1495,82.733588
1496,207.828024
1497,223.174067
1498,254.142365
1499,33.97
1500,181.148732
1501,31.707317
1502,297.6
1503,748.8
1504,609.6
1505,495.612777
1506,297.051768
1507,513.6
1508,667.2
1509,295.83086
1510,22.995594
1511,298.362415
1512,727.2
1513,478.234236
1514,475.2
1515,551.28213
1516,355.2
1517,292.8
1518,532.8
1519,670.47746
1520,5.573179
1521,337.617149
1522,320.777404
1523,336.0
1524,398.4
1525,216.173135
1526,566.4
1527,355.2
1528,685.456738
1529,316.8
1530,147.948783
1531,326.4
1532,242.491357
1533,91.834668
1534,90.525716
1535,374.4
1536,255.285875
1537,403.2
1538,316.8
1539,232.242326
1540,657.6
1541,760.428495
1542,340.07498
1543,499.2
1544,307.2
1545,508.8
1546,307.2
1547,236.643695
1548,398.4
1549,326.4
1550,565.336931
1551,523.888845
1552,513.6
1553,282.153792
1554,340.8
1555,553.61131
1556,453.6
1557,442.199439
1558,624.023564
1559,568.8
1560,355.2
1561,386.599797
1562,489.6
1563,62.291009
1564,361.181122
1565,122.305677
1566,196.523187
1567,528.0
1568,221.61885
1569,460.8
1570,331.2
1571,117.450428
1572,739.310493
1573,118.446235
1574,499.2
1575,292.8
1576,228.049424
1577,373.073162
1578,428.608683
1579,268.471802
1580,475.2
1581,436.836944
1582,398.4
1583,441.6
1584,340.8
1585,112.120881
1586,185.061408
1587,340.201412
1588,739.2
1589,48.046869
1590,461.269135
1591,686.501976
1592,221.048602
1593,271.014511
1594,292.8
1595,276.640352
1596,71.311211
1597,80.70505
1598,765.566699
1599,484.8
1600,331.2
1601,216.744457
1602,556.8
1603,692.962785
1604,87.565229
1605,401.60781
1606,799.2
1607,340.8
1608,341.878002
1609,470.4
1610,330.782934
1611,316.8
1612,262.842655
1613,712.682559
1614,350.4
1615,18.918935
1616,331.2
1617,900.0
1618,71.517444
1619,492.088331
1620,291.287905
1621,390.88142
1622,336.0
1623,166.355491
1624,348.82656
1625,20.725611
1626,556.8
1627,648.0
1628,545.999699
1629,374.4
1630,638.4
1631,484.8
1632,61.654262
1633,475.2
1634,254.83769
1635,494.4
1636,489.6
1637,350.4
1638,228.498823
1639,327.078047
1640,191.934494
1641,307.2
1642,185.667213
1643,140.747286
1644,471.050488
1645,28.460568
1646,700.349052
1647,499.2
1648,3.468912
1649,393.6
1650,699.615192
1651,484.8
1652,336.0
1653,900.0
1654,340.8
1655,106.591949
1656,312.0
1657,571.479602
1658,114.51444
1659,777.6
1660,302.4
1661,166.77296
1662,657.6
1663,488.910614
1664,101.288069
1665,352.394515
1666,499.2
1667,656.798232
1668,851.146266
1669,476.254583
1670,350.4
1671,292.8
1672,624.711448
1673,134.629643
1674,198.84453
1675,289.040734
1676,429.860895
1677,519.883102
1678,398.4
1679,98.372265
1680,820.8
1681,463.000336
1682,355.2
1683,292.8
1684,547.2
1685,590.4
1686,460.8
1687,482.4
1688,355.2
1689,525.6
1690,404.074203
1691,355.922452
1692,451.670309
1693,215.884804
1694,241.656325
1695,207.75186
1696,451.2
1697,480.0
1698,312.0
1699,539.280951
1700,221.188327
1701,494.4
1702,13.628274
1703,171.830049
1704,657.6
1705,393.6
1706,350.4
1707,451.2
1708,95.193157
1709,827.786203
1710,326.281835
1711,123.512596
1712,25.336642
1713,489.6
1714,379.2
1715,788.206874
1716,316.8
1717,364.8
1718,619.2
1719,554.4
1720,376.529086
1721,170.939409
1722,335.840529
1723,345.6
1724,460.8
1725,425.924132
1726,351.270869
1727,49.451117
1728,657.6
1729,508.8
1730,281.295903
1731,196.065149
1732,292.8
1733,297.6
1734,432.784577
1735,773.346065
1736,354.199664
1737,321.6
1738,336.0
1739,339.000467
1740,453.6
1741,699.67536
1742,695.136477
1743,283.670312
1744,725.870693
1745,345.6
1746,236.614219
1747,712.309237
1748,91.834668
1749,39.336222
1750,326.132867
1751,178.371281
1752,167.459769
1753,700.725788
1754,436.143226
1755,571.479602
1756,302.4
1757,417.6
1758,702.020904
1759,686.020135
1760,270.311239
1761,497.719213
1762,403.937672
1763,118.750512
1764,465.6
1765,508.8
1766,468.0
1767,109.814874
1768,722.432062
1769,292.8
1770,252.330905
1771,542.4
1772,640.8
1773,351.85681
1774,150.926696
1775,128.90032
1776,146.950756
1777,57.712985
1778,900.242038
1779,655.489027
1780,418.005524
1781,128.292466
1782,648.0
1783,156.124914
1784,331.2
1785,480.533246
1786,509.100577
1787,166.123172
1788,756.0
1789,311.004168
1790,292.8
1791,530.340202
1792,537.78416
1793,433.426544
1794,321.6
1795,494.4
1796,458.003651
1797,539.774172
1798,639.769748
1799,250.183388
1800,85.809817
1801,303.872752
1802,337.727542
1803,384.0
1804,528.0
1805,42.689135
1806,430.518791
1807,409.425049
1808,307.2
1809,465.278453
1810,97.691104
1811,336.0
1812,326.4
1813,331.2
1814,436.8
1815,456.0
1816,523.99823
1817,355.2
1818,504.0
1819,237.57033
1820,183.207703
1821,435.606086
1822,83.815183
1823,604.8
1824,455.644704
1825,122.017931
1826,556.8
1827,561.6
1828,344.294164
1829,561.6
1830,17.938979
1831,316.8
1832,103.424766
1833,275.577631
1834,539.5622
1835,326.281835
1836,518.4
1837,525.6
1838,513.6
1839,316.8
1840,25.961213
1841,446.4
1842,47.502366
1843,308.240792
1844,205.043307
1845,381.238176
1846,326.4
1847,799.2
1848,619.2
1849,460.741097
1850,439.2
1851,0.099007
1852,223.028356
1853,246.696768
1854,165.002742
1855,753.22565
1856,478.609999
1857,374.4
1858,221.359492
1859,433.588181
1860,407.668083
1861,734.4
1862,232.745161
1863,513.6
1864,542.4
1865,136.263492
1866,336.0
1867,69.310166
1868,374.4
1869,386.031248
1870,494.4
1871,557.184015
1872,83.830109
1873,487.345606
1874,128.969729
1875,379.2
1876,326.4
1877,374.4
1878,101.489422
1879,508.8
1880,656.122925
1881,249.140907
1882,345.6
1883,326.4
1884,84.818806
1885,668.158687
1886,420.420755
1887,335.234102
1888,460.8
1889,326.4
1890,612.0
1891,296.560998
1892,355.2
1893,440.128707
1894,406.902001
1895,451.566751
1896,114.273025
1897,369.918482
1898,345.6
1899,326.4
1900,508.8
1901,30.984936
1902,290.580543
1903,353.77899
1904,558.281543
1905,229.279059
1906,403.2
1907,244.803741
1908,340.8
1909,561.6
1910,67.975243
1911,283.787384
1912,786.934186
1913,483.731784
1914,302.4
1915,681.505066
1916,345.6
1917,16.214764
1918,436.8
1919,350.4
1920,547.2
1921,297.419028
1922,41.229484
1923,217.92632
1924,209.019238
1925,228.443418
1926,599.152722
1927,412.8
1928,839.348464
1929,302.4
1930,561.6
1931,174.046849
1932,525.6
1933,475.2
1934,57.562324
1935,336.0
1936,813.6
1937,283.881697
1938,575.890362
1939,287.654819
1940,111.622054
1941,134.158389
1942,624.0
1943,243.766542
1944,316.8
1945,458.056054
1946,22.961216
1947,75.302707
1948,574.102379
1949,514.360634
1950,566.4
1951,731.289267
1952,71.773341
1953,76.975713
1954,587.689075
1955,212.039619
1956,453.6
1957,355.2
1958,281.295903
1959,835.2
1960,489.6
1961,571.2
1962,824.487259
1963,244.580023
1964,154.721555
1965,207.75186
1966,588.936956
1967,307.68931
1968,835.2
1969,624.980751
1970,470.4
1971,441.907057
1972,412.8
1973,345.6
1974,492.644465
1975,61.580247
1976,738.975495
1977,403.2
1978,65.953005
1979,305.121363
1980,244.816163
1981,616.279356
1982,451.319227
1983,184.379697
1984,595.2
1985,314.936185
1986,406.367233
1987,571.319514
1988,730.373515
1989,225.437098
1990,280.903779
1991,165.588524
1992,379.2
1993,485.705851
1994,312.0
1995,292.8
1996,278.689331
1997,302.4
1998,42.950852
1999,342.468248
2000,320.327775
2001,345.6
2002,158.077504
2003,336.0
2004,34.708194
2005,321.6
2006,856.347474
2007,547.2
2008,571.2
2009,191.100227
2010,420.765993
2011,445.001296
2012,221.226696
2013,33.751887
2014,468.0
2015,167.39959
2016,475.2
2017,667.2
2018,290.911693
2019,55.320014
2020,55.394702
2021,774.892461
2022,823.798803
2023,307.2
2024,414.649796
2025,287.437831
2026,523.2
2027,392.235698
2028,60.845685
2029,502.994931
2030,336.0
2031,293.016168
2032,226.607648
2033,273.250112
2034,571.2
2035,240.318607
2036,44.284642
2037,483.25721
2038,446.751243
2039,374.864662
2040,393.6
2041,355.2
2042,200.97608
2043,209.863509
2044,140.819942
2045,321.6
2046,249.742856
2047,677.970934
2048,552.0
2049,791.878042
2050,316.546868
2051,410.548521
2052,595.2
2053,482.4
2054,376.923839
2055,624.0
2056,508.614758
2057,784.611446
2058,292.8
2059,244.269407
2060,297.6
2061,118.454974
2062,438.661509
2063,397.139856
2064,523.2
2065,393.6
2066,321.6
2067,427.2
2068,506.92275
2069,369.614729
2070,575.260213
2071,272.381465
2072,215.438825
2073,292.8
2074,438.069458
2075,799.251165
2076,216.980413
2077,225.578841
2078,780.941649
2079,561.6
2080,286.115778
2081,77.442722
2082,398.502948
2083,200.38673
2084,824.597262
2085,151.231247
2086,355.2
2087,377.512951
2088,535.080276
2089,424.330166
2090,863.219668
2091,61.769564
2092,251.294821
2093,308.749796
2094,417.6
2095,240.00056
2096,316.8
2097,288.329793
2098,586.921708
2099,307.2
2100,472.67262
2101,639.758314
2102,871.484565
2103,158.362972
2104,200.689331
2105,475.2
2106,67.648392
2107,496.8
2108,369.818708
2109,446.4
2110,136.291083
2111,336.0
2112,863.935307
2113,393.637436
2114,398.4
2115,355.2
2116,307.2
2117,166.937747
2118,19.626306
2119,316.8
2120,441.6
2121,278.999409
2122,449.428182
2123,47.061469
2124,292.8
2125,481.269644
2126,412.8
2127,733.21126
2128,251.44949
2129,528.0
2130,648.0
2131,345.6
2132,309.577946
2133,321.6
2134,518.4
2135,80.119997
2136,137.168874
2137,537.6
2138,417.6
2139,16.510134
2140,379.2
2141,847.490817
2142,552.0
2143,582.420512
2144,379.2
2145,480.0
2146,417.6
2147,547.2
2148,733.522405
2149,561.6
2150,316.8
2151,161.752532
2152,12.497538
2153,741.655597
2154,388.8
2155,792.0
2156,796.130111
2157,83.652384
2158,523.2
2159,316.8
2160,60.036683
2161,613.866905
2162,499.2
2163,364.8
2164,511.422666
2165,435.796252
2166,269.563038
2167,321.457124
2168,17.484679
2169,422.59237
2170,387.545055
2171,14.464783
2172,763.2
2173,307.2
2174,42.131925
2175,417.6
2176,239.964694
2177,302.4
2178,23.89816
2179,99.039453
2180,412.8
2181,169.414572
2182,496.8
2183,39.532978
2184,316.8
2185,856.8
2186,624.42874
2187,261.549577
2188,150.235884
2189,175.243467
2190,443.637243
2191,91.55098
2192,460.8
2193,727.2
2194,711.323244
2195,245.103885
2196,504.0
2197,340.8
2198,338.744392
2199,125.704164
2200,116.600107
2201,321.6
2202,302.4
2203,340.32278
2204,749.244062
2205,532.8
2206,195.405949
2207,480.073548
2208,450.760925
2209,664.128009
2210,446.4
2211,316.8
2212,331.2
2213,77.54669
2214,429.695284
2215,74.463101
2216,573.941286
2217,535.080276
2218,403.2
2219,842.4
2220,542.4
2221,302.4
2222,355.2
2223,314.044227
2224,292.8
2225,427.2
2226,166.1306
2227,350.4
2228,648.0
2229,165.520952
2230,636.982333
2231,282.146354
2232,652.8
2233,491.66348
2234,109.904496
2235,383.224514
2236,554.957693
2237,412.8
2238,340.8
2239,112.660916
2240,71.303109
2241,624.0
2242,201.327931
2243,460.8
2244,462.654347
2245,818.730215
2246,537.6
2247,10.560419
2248,272.788141
2249,686.90827
2250,302.942519
2251,37.28874
2252,319.131547
2253,340.8
2254,489.6
2255,77.479316
2256,437.040616
2257,353.397699
2258,231.969205
2259,693.084662
2260,556.8
2261,59.853369
2262,482.4
2263,203.296071
2264,398.4
2265,412.8
2266,460.8
2267,547.2
2268,324.413656
2269,302.4
2270,330.138332
2271,40.536151
2272,504.0
2273,270.381385
2274,446.4
2275,475.2
2276,314.528138
2277,350.4
2278,184.955105
2279,302.4
2280,571.2
2281,513.6
2282,350.4
2283,236.842746
2284,285.825083
2285,326.4
2286,550.127548
2287,352.394515
2288,134.124254
2289,501.092992
2290,422.78411
2291,29.303915
2292,451.2
2293,200.641734
2294,71.980757
2295,165.570243
2296,468.0
2297,307.2
2298,465.6
2299,344.765129
2300,199.551735
2301,350.4
2302,219.362643
2303,725.870693
2304,321.6
2305,528.0
2306,631.594469
2307,523.2
2308,359.484342
2309,29.884537
2310,298.626189
2311,674.973614
2312,496.843023
2313,287.453171
2314,398.502948
2315,411.671832
2316,409.684798
2317,756.0
2318,215.728468
2319,224.711836
2320,355.2
2321,90.524457
2322,441.6
2323,386.031248
2324,133.977857
2325,22.962412
2326,3.55
2327,359.36848
2328,110.556062
2329,307.2
2330,292.8
2331,518.4
2332,178.700204
2333,384.0
2334,312.0
2335,547.2
2336,407.887715
2337,482.4
2338,490.638202
2339,684.948527
2340,472.611522
2341,633.6
2342,48.051339
2343,499.2
2344,545.083116
2345,333.696228
2346,480.0
2347,80.73124
2348,346.991025
2349,238.952528
2350,468.0
2351,691.709371
2352,220.644418
2353,350.4
2354,329.980754
2355,436.8
2356,339.906034
2357,265.629611
2358,416.8496
2359,32.508635
2360,784.186389
2361,250.454012
2362,373.324673
2363,16.425514
2364,494.4
2365,91.941259
2366,321.6
2367,53.095599
2368,632.081402
2369,460.8
2370,345.6
2371,576.0
2372,411.228571
2373,422.4
2374,230.104769
2375,292.8
2376,518.4
2377,74.744643
2378,18.965718
2379,518.4
2380,57.678779
2381,294.905685
2382,628.801638
2383,350.4
2384,465.6
2385,827.085431
2386,556.097027
2387,533.255723
2388,595.2
2389,354.455466
2390,482.4
2391,421.235276
2392,483.881752
2393,307.2
2394,612.300581
2395,321.6
2396,576.0
2397,326.4
2398,572.847549
2399,331.2
2400,470.576119
2401,45.905292
2402,525.392239
2403,185.291566
2404,518.4
2405,511.2
2406,166.937747
2407,305.031114
2408,185.355353
2409,520.036279
2410,336.0
2411,720.0
2412,784.8
2413,355.2
2414,324.739746
2415,268.130863
2416,571.2
2417,280.89705
2418,694.598288
2419,600.0
2420,691.2
2421,292.8
2422,20.985105
2423,436.8
2424,377.442796
2425,504.0
2426,624.0
2427,457.593764
2428,392.235698
2429,315.560161
2430,279.960213
2431,566.4
2432,460.8
2433,350.4
2434,329.517492
2435,389.944994
2436,504.0
2437,345.6
2438,15.169017
2439,374.716271
2440,699.823461
2441,355.2
2442,255.005116
2443,566.4
2444,871.2
2445,190.642833
2446,190.649902
2447,206.810286
2448,738.222494
2449,160.855921
2450,376.760016
2451,482.4
2452,294.803913
2453,303.384527
2454,748.8
2455,46.702524
2456,25.292113
2457,428.907968
2458,484.8
2459,302.4
2460,655.2
2461,340.8
2462,345.6
2463,733.737214
2464,114.743547
2465,425.800112
2466,434.7579
2467,110.484661
2468,619.2
2469,547.2
2470,85.612463
2471,33.192803
2472,165.523154
2473,570.777441
2474,451.2
2475,205.169178
2476,460.8
2477,116.237322
2478,321.6
2479,580.622219
2480,508.8
2481,331.2
2482,134.684555
2483,441.6
2484,254.380731
2485,525.6
2486,552.0
2487,48.629646
2488,316.8
2489,310.744656
2490,221.951098
2491,514.507039
2492,367.577872
2493,436.8
2494,193.147858
2495,145.004323
2496,623.525433
2497,468.492761
2498,302.4
2499,321.6
2500,89.921281
2501,291.536748
2502,331.2
2503,571.479602
2504,384.0
2505,425.800112
2506,409.459488
2507,819.576016
2508,494.4
2509,438.369382
2510,748.8
2511,346.265295
2512,900.0
2513,219.879452
2514,56.60333
2515,432.0
2516,465.6
2517,336.0
2518,433.608534
2519,468.0
2520,499.2
2521,504.0
2522,62.935952
2523,51.294615
2524,398.4
2525,288.295744
2526,528.0
2527,475.2
2528,224.27582
2529,518.715288
2530,343.340301
2531,727.2
2532,241.077843
2533,528.20086
2534,79.463916
2535,307.2
2536,297.6
2537,388.8
2538,792.0
2539,331.2
2540,652.8
2541,374.4
2542,564.922034
2543,123.945627
2544,241.88878
2545,51.662597
2546,489.6
2547,220.186677
2548,604.8
2549,372.893812
2550,475.2
2551,660.430456
2552,227.225113
2553,165.75305
2554,290.70096
2555,560.154132
2556,160.825045
2557,339.017729
2558,803.686321
2559,489.594642
2560,78.172321
2561,725.870693
2562,326.4
2563,207.510821
2564,333.138214
2565,451.2
2566,410.946167
2567,10.393016
2568,276.590788
2569,698.4
2570,541.217743
2571,326.4
2572,4.074222
2573,600.0
2574,316.8
2575,75.330276
2576,155.412984
2577,350.877502
2578,402.749918
2579,350.4
2580,465.6
2581,475.2
2582,99.697769
2583,777.6
2584,393.645615
2585,61.693771
2586,508.8
2587,217.945243
2588,686.4
2589,275.516438
2590,749.134686
2591,430.163277
2592,442.374873
2593,187.854818
2594,672.0
2595,523.2
2596,114.273025
2597,528.0
2598,590.4
2599,326.4
2600,326.4
2601,446.4
2602,513.6
2603,247.847239
2604,508.8
2605,516.088544
2606,748.8
2607,395.386573
2608,542.4
2609,44.730323
2610,316.8
2611,666.5271
2612,351.403677
2613,255.982609
2614,272.445607
2615,741.6
2616,508.8
2617,499.2
2618,146.119178
2619,547.2
2620,379.2
2621,41.016038
2622,316.8
2623,662.4
2624,338.144854
2625,355.2
2626,741.6
2627,296.962938
2628,331.2
2629,637.695945
2630,764.592151
2631,489.6
2632,561.6
2633,456.0
2634,490.690995
2635,299.788806
2636,885.6
2637,67.801384
2638,604.8
2639,566.4
2640,297.6
2641,292.8
2642,155.708627
2643,230.109964
2644,45.215059
2645,355.2
2646,344.92729
2647,498.335261
2648,316.8
2649,369.6
2650,201.455005
2651,393.6
2652,109.296118
2653,518.686584
2654,652.8
2655,40.752864
2656,763.2
2657,307.2
2658,600.0
2659,379.2
2660,453.909559
2661,738.840818
2662,601.021286
2663,475.2
2664,336.0
2665,67.530904
2666,144.987956
2667,340.8
2668,612.0
2669,312.0
2670,350.4
2671,183.104441
2672,599.811172
2673,297.6
2674,528.0
2675,125.933005
2676,355.820799
2677,441.6
2678,254.984946
2679,556.8
2680,179.14181
2681,466.371705
2682,511.2
2683,56.731578
2684,331.2
2685,878.413622
2686,553.553427
2687,340.8
2688,292.8
2689,499.2
2690,316.8
2691,351.270869
2692,227.221652
2693,18.918935
2694,741.300032
2695,316.227946
2696,312.0
2697,374.108319
2698,350.4
2699,152.779038
2700,67.504452
2701,712.126586
2702,363.613596
2703,302.4
2704,451.2
2705,806.4
2706,571.2
2707,725.870693
2708,351.270869
2709,250.423844
2710,307.2
2711,49.451117
2712,568.8
2713,633.439417
2714,611.844584
2715,292.135884
2716,667.2
2717,679.392372
2718,373.454457
2719,310.842085
2720,282.500791
2721,307.2
2722,316.8
2723,590.4
2724,424.424732
2725,619.2
2726,345.6
2727,339.048157
2728,331.2
2729,408.0
2730,518.4
2731,321.6
2732,166.937747
2733,516.421124
2734,49.451117
2735,336.0
2736,374.4
2737,331.2
2738,395.740207
2739,804.130779
2740,407.440238
2741,415.803174
2742,839.348464
2743,48.780064
2744,502.580472
2745,425.423198
2746,777.6
2747,281.110788
2748,297.6
2749,446.4
2750,614.081483
2751,344.767795
2752,299.635989
2753,22.193348
2754,566.4
2755,151.381353
2756,340.8
2757,292.8
2758,764.201478
2759,292.8
2760,178.762806
2761,553.50361
2762,350.4
2763,566.199335
2764,349.431986
2765,842.4
2766,259.591385
2767,364.8
2768,292.8
2769,231.201886
2770,309.577946
2771,267.214383
2772,468.0
2773,364.8
2774,547.2
2775,642.773149
2776,590.4
2777,307.2
2778,722.877299
2779,561.6
2780,7.345946
2781,478.751065
2782,277.585067
2783,324.812083
2784,336.0
2785,571.2
2786,754.115474
2787,302.4
2788,106.737787
2789,256.43803
2790,763.2
2791,321.6
2792,312.0
2793,77.523904
2794,366.212945
2795,667.2
2796,383.797363
2797,660.430456
2798,190.509609
2799,28.649762
2800,297.6
2801,340.8
2802,739.2
2803,527.539078
2804,91.146661
2805,284.667612
2806,532.8
2807,316.8
2808,316.8
2809,292.8
2810,180.555113
2811,460.8
2812,455.714395
2813,331.2
2814,430.29174
2815,244.587596
2816,68.179721
2817,202.938048
2818,400.294003
2819,417.781693
2820,245.968629
2821,268.1726
2822,336.0
2823,225.578841
2824,507.799325
2825,774.737185
2826,183.293091
2827,202.81373
2828,398.4
2829,432.0
2830,470.4
2831,504.0
2832,292.8
2833,825.29011
2834,398.100233
2835,453.6
2836,159.383042
2837,316.8
2838,739.2
2839,365.002909
2840,336.0
2841,412.8
2842,571.531582
2843,88.17994
2844,475.2
2845,168.89233
2846,316.8
2847,87.803087
2848,145.365072
2849,550.430985
2850,364.8
2851,552.646907
2852,76.609295
2853,350.4
2854,345.6
2855,277.907701
2856,43.098747
2857,3.4637
2858,108.667642
2859,233.676034
2860,41.122303
2861,279.714859
2862,312.0
2863,480.521227
2864,559.412583
2865,475.2
2866,655.2
2867,556.8
2868,297.6
2869,408.0
2870,286.938064
2871,475.2
2872,397.622116
2873,316.8
2874,392.925712
2875,18.192921
2876,655.2
2877,21.00736
2878,566.4
2879,541.755353
2880,73.848672
2881,523.688037
2882,94.714302
2883,138.423414
2884,820.8
2885,283.743206
2886,419.750892
2887,513.306893
2888,508.8
2889,83.390706
2890,350.4
2891,525.6
2892,316.8
2893,139.331764
2894,566.4
2895,502.443591
2896,307.2
2897,759.119999
2898,292.8
2899,391.446775
2900,614.082146
2901,406.348084
2902,628.8
2903,101.34165
2904,567.343266
2905,188.204234
2906,441.6
2907,561.6
2908,307.2
2909,407.440238
2910,807.279979
2911,316.8
2912,468.203397
2913,307.2
2914,120.109061
2915,483.577807
2916,842.4
2917,496.8
2918,316.8
2919,340.8
2920,747.107317
2921,307.2
2922,139.745936
2923,432.0
2924,302.4
2925,326.4
2926,599.000883
2927,318.660896
2928,278.24204
2929,558.746277
2930,393.6
2931,339.938915
2932,604.8
2933,549.271947
2934,496.8
2935,470.097411
2936,523.2
2937,343.159148
2938,222.751524
2939,266.640638
2940,12.744774
2941,451.2
2942,787.993313
2943,626.4
2944,120.436587
2945,109.032565
2946,377.422029
2947,14.095914
2948,523.733793
2949,628.8
2950,369.6
2951,523.2
2952,216.934983
2953,454.3585
2954,67.530904
2955,652.8
2956,307.2
2957,256.242825
2958,460.8
2959,201.455005
2960,77.451706
2961,525.6
2962,2.549986
2963,566.4
2964,170.689399
2965,285.84958
2966,640.8
2967,59.526095
2968,46.158117
2969,470.4
2970,297.6
2971,491.446146
2972,292.8
2973,456.0
2974,316.8
2975,693.414133
2976,379.37884
2977,149.688222
2978,535.080276
2979,170.106831
2980,225.558918
2981,624.0
2982,426.006858
2983,372.594847
2984,86.599774
2985,432.0
2986,407.776546
2987,518.4
2988,111.823103
2989,604.8
2990,403.2
2991,633.6
2992,297.6
2993,340.8
2994,73.839514
2995,158.000332
2996,252.076899
2997,345.6
2998,566.4
2999,331.2
3000,196.879475
3001,532.8
3002,321.6
3003,604.8
3004,321.6
3005,393.6
3006,255.079807
3007,513.6
3008,302.4
3009,518.4
3010,439.2
3011,336.0
3012,734.4
3013,558.099357
3014,410.391616
3015,309.161777
3016,325.569334
3017,302.4
3018,291.91645
3019,523.815839
3020,504.0
3021,213.225001
3022,633.6
3023,64.396979
3024,292.8
3025,556.8
3026,820.018767
3027,26.731452
3028,801.022368
3029,856.8
3030,209.596158
3031,18.077998
3032,242.545602
3033,158.077504
3034,376.002146
3035,95.845811
3036,136.27248
3037,523.888845
3038,91.834668
3039,112.660916
3040,100.212651
3041,392.920864
3042,470.4
3043,166.5492
3044,343.98412
3045,196.977247
3046,705.6
3047,116.322725
3048,427.2
3049,99.894584
3050,202.905809
3051,364.8
3052,388.135527
3053,415.850776
3054,326.4
3055,160.52105
3056,523.2
3057,125.510669
3058,776.601764
3059,507.709291
3060,350.325879
3061,469.278843
3062,537.6
3063,436.8
3064,655.791955
3065,199.444294
3066,288.572108
3067,495.750669
3068,386.225897
3069,188.667196
3070,554.4
3071,33.781673
3072,393.6
3073,340.8
3074,432.0
3075,564.302867
3076,268.471802
3077,336.0
3078,181.287697
3079,628.366119
3080,159.383042
3081,312.0
3082,45.472477
3083,243.292609
3084,443.786437
3085,505.082702
3086,313.270725
3087,663.423782
3088,670.581817
3089,475.20088
3090,594.683752
3091,518.4
3092,134.442783
3093,355.2
3094,350.4
3095,494.4
3096,208.598246
3097,65.03063
3098,97.313649
3099,49.435556
3100,65.471028
3101,501.716934
3102,470.691875
3103,508.8
3104,425.489592
3105,33.171413
3106,306.818754
3107,577.385463
3108,345.6
3109,839.348464
3110,186.459607
3111,112.336604
3112,387.774781
3113,381.570261
3114,309.577946
3115,71.10847
3116,528.0
3117,302.4
3118,489.6
3119,813.6
3120,360.480689
3121,508.8
3122,460.8
3123,312.0
3124,2.455033
3125,373.227044
3126,17.269323
3127,40.622304
3128,508.8
3129,436.8
3130,396.608751
3131,374.4
3132,67.530904
3133,629.344642
3134,128.969729
3135,599.000883
3136,229.711908
3137,338.79562
3138,35.597288
3139,879.42749
3140,312.0
3141,562.426585
3142,496.8
3143,466.81627
3144,643.2
3145,343.755209
3146,286.003968
3147,436.8
3148,460.8
3149,571.2
3150,106.267659
3151,438.276898
3152,137.195447
3153,486.278557
3154,352.394515
3155,556.8
3156,384.0
3157,158.041549
3158,191.409775
3159,174.041566
3160,302.4
3161,297.6
3162,137.081716
3163,355.2
3164,326.660051
3165,307.2
3166,272.835064
3167,331.2
3168,667.2
3169,372.909686
3170,307.2
3171,321.6
3172,496.8
3173,107.661239
3174,451.2
3175,325.395532
3176,122.486486
3177,312.0
3178,93.515817
3179,111.265486
3180,206.863422
3181,280.800938
3182,318.866388
3183,528.0
3184,350.4
3185,384.0
3186,334.452807
3187,542.4
3188,756.0
3189,612.0
3190,720.0
3191,580.8
3192,856.8
3193,653.685468
3194,568.798455
3195,612.0
3196,251.795869
3197,325.88607
3198,452.915621
3199,489.6
3200,380.919824
3201,345.6
3202,336.0
3203,482.4
3204,511.2
3205,220.038588
3206,475.2
3207,740.838216
3208,863.909989
3209,470.275242
3210,384.0
3211,49.364254
3212,151.589577
3213,388.8
3214,254.308991
3215,707.408058
3216,849.666647
3217,178.408186
3218,435.835125
3219,138.961963
3220,504.0
3221,528.20086
3222,9.160139
3223,696.757797
3224,603.077136
3225,508.8
3226,281.110788
3227,87.272319
3228,655.2
3229,621.617047
3230,419.365958
3231,565.108501
3232,702.990032
3233,321.6
3234,263.090605
3235,416.2618
3236,446.4
3237,504.0
3238,128.969729
3239,72.771554
3240,312.0
3241,453.6
3242,499.2
3243,156.54837
3244,27.210992
3245,604.8
3246,471.443077
3247,669.6
3248,441.6
3249,362.774545
3250,21.143072
3251,508.8
3252,362.774545
3253,523.888845
3254,340.8
3255,100.517679
3256,277.201278
3257,542.4
3258,754.845659
3259,177.321283
3260,267.415871
3261,350.4
3262,302.4
3263,547.2
3264,154.750098
3265,657.6
3266,350.4
3267,357.109603
3268,163.955502
3269,317.428826
3270,424.330166
3271,3.200851
3272,300.056383
3273,345.6
3274,292.8
3275,31.481852
3276,445.621906
3277,326.4
3278,419.365958
3279,732.352745
3280,346.387342
3281,460.8
3282,302.4
3283,221.241837
3284,393.6
3285,302.4
3286,828.0
3287,347.857619
3288,12.444326
3289,585.482275
3290,297.6
3291,537.6
3292,148.738098
3293,393.6
3294,107.985836
3295,331.2
3296,189.096179
3297,561.6
3298,297.6
3299,224.093027
3300,327.685301
3301,109.476994
3302,484.8
3303,498.779439
3304,46.949646
3305,245.163042
3306,420.041981
3307,571.479602
3308,61.536107
3309,633.6
3310,292.8
3311,289.040734
3312,468.0
3313,354.081091
3314,7.345946
3315,136.172569
3316,331.2
3317,317.109447
3318,265.516965
3319,429.171384
3320,8.315904
3321,475.2
3322,292.8
3323,326.4
3324,480.0
3325,114.743385
3326,94.958688
3327,321.6
3328,329.206567
3329,504.0
3330,412.8
3331,384.0
3332,412.8
3333,257.248789
3334,756.0
3335,439.2
3336,439.2
3337,326.4
3338,523.888845
3339,525.6
3340,322.046658
3341,523.2
3342,312.0
3343,528.0
3344,404.243868
3345,16.150175
3346,513.6
3347,43.542559
3348,364.8
3349,523.2
3350,292.8
3351,284.49502
3352,308.953614
3353,427.2
3354,312.0
3355,14.386157
3356,345.6
3357,400.959425
3358,465.6
3359,31.356274
3360,461.841879
3361,180.346146
3362,583.2
3363,528.20086
3364,312.0
3365,311.514116
3366,350.4
3367,445.361629
3368,345.022359
3369,250.416569
3370,374.399828
3371,394.968488
3372,392.695097
3373,631.743039
3374,283.849464
3375,364.8
3376,515.122954
3377,312.0
3378,379.209349
3379,81.609951
3380,115.400119
3381,741.6
3382,177.948654
3383,25.89566
3384,350.4
3385,446.4
3386,345.6
3387,307.2
3388,39.627399
3389,60.227339
3390,307.2
3391,729.595208
3392,355.558088
3393,740.05751
3394,415.535724
3395,358.225234
3396,7.345946
3397,460.8
3398,331.2
3399,518.4
3400,551.413755
3401,554.143798
3402,188.717606
3403,410.846025
3404,12.603783
3405,849.6
3406,340.8
3407,472.850932
3408,336.0
3409,446.4
3410,407.68374
3411,489.6
3412,423.819864
3413,307.2
3414,403.2
3415,61.20919
3416,96.212835
3417,292.8
3418,41.927219
3419,484.8
3420,60.151529
3421,547.2
3422,748.8
3423,439.361029
3424,532.8
3425,187.683707
3426,631.743039
3427,232.945977
3428,231.201886
3429,213.574473
3430,289.040734
3431,542.4
3432,386.031248
3433,604.270179
3434,340.8
3435,440.268527
3436,90.989464
3437,312.0
3438,316.8
3439,256.43803
3440,109.112713
3441,528.0
3442,200.768848
3443,326.281835
3444,412.8
3445,475.2
3446,247.402353
3447,720.0
3448,516.907624
3449,185.355353
3450,316.8
3451,382.067564
3452,702.990032
3453,484.8
3454,312.0
3455,422.4
3456,669.6
3457,252.938842
3458,468.0
3459,508.8
3460,19.170855
3461,234.393625
3462,312.0
3463,17.029835
3464,38.513959
3465,178.839506
3466,59.026302
3467,244.727144
3468,501.83778
3469,720.0
3470,489.6
3471,501.153571
3472,355.198918
3473,390.161912
3474,424.330166
3475,312.0
3476,504.0
3477,50.359627
3478,898.430079
3479,378.5566
3480,225.045919
3481,159.383042
3482,449.601961
3483,413.002348
3484,345.6
3485,787.88953
3486,503.144025
3487,611.941558
3488,446.4
3489,536.481665
3490,453.6
3491,537.6
3492,643.2
3493,388.148089
3494,162.199584
3495,110.527627
3496,590.4
3497,60.036683
3498,556.8
3499,312.0
3500,297.6
3501,566.4
3502,652.8
3503,99.674341
3504,271.489602
3505,118.538444
3506,298.671049
3507,586.390393
3508,432.0
3509,128.21198
3510,332.693627
3511,336.0
3512,528.0
3513,552.0
3514,297.6
3515,250.323257
3516,561.6
3517,746.107437
3518,159.631303
3519,571.2
3520,499.2
3521,340.8
3522,468.0
3523,561.6
3524,657.6
3525,133.90029
3526,56.39419
3527,662.4
3528,91.055318
3529,312.0
3530,486.278557
3531,54.961039
3532,279.184512
3533,601.667902
3534,70.958361
3535,302.4
3536,336.0
3537,504.0
3538,94.94292
3539,638.4
3540,491.384479
3541,324.695555
3542,696.034509
3543,835.2
3544,36.980596
3545,542.4
3546,458.661381
3547,150.96491
3548,421.19002
3549,882.871945
3550,780.57363
3551,325.866271
3552,432.0
3553,329.206567
3554,345.6
3555,242.320409
3556,445.702958
3557,292.8
3558,302.4
3559,343.705799
3560,454.188803
3561,264.461805
3562,705.6
3563,292.8
3564,640.8
3565,369.6
3566,504.0
3567,340.8
3568,66.667784
3569,459.785009
3570,125.768818
3571,482.4
3572,775.526054
3573,576.0
3574,621.218119
3575,417.6
3576,238.868659
3577,460.815578
3578,462.63613
3579,309.577946
3580,504.0
3581,15.001594
3582,604.8
3583,427.25055
3584,302.4
3585,835.2
3586,118.509791
3587,303.872752
3588,130.495798
3589,667.2
3590,614.03209
3591,278.932051
3592,67.618365
3593,460.8
3594,691.677138
3595,393.6
3596,338.529369
3597,417.6
3598,355.2
3599,393.6
3600,446.4
3601,95.997363
3602,609.6
3603,334.007478
3604,238.088581
3605,456.702735
3606,278.072755
3607,115.07234
3608,244.158446
3609,8.281829
3610,556.8
3611,460.8
3612,828.0
3613,331.2
3614,419.365958
3615,842.4
3616,279.996658
3617,433.38842
3618,528.0
3619,344.469652
3620,350.306385
3621,151.550875
3622,331.2
3623,422.4
3624,6.671268
3625,368.963633
3626,355.2
3627,568.844905
3628,209.387509
3629,393.528054
3630,475.2
3631,272.9955
3632,882.871945
3633,496.474767
3634,460.8
3635,425.81795
3636,546.420009
3637,117.585017
3638,81.377259
3639,499.2
3640,631.743039
3641,331.2
3642,480.0
3643,345.6
3644,604.8
3645,580.8
3646,528.20086
3647,331.2
3648,355.2
3649,288.205261
3650,257.248789
3651,674.973614
3652,329.206567
3653,43.084332
3654,468.0
3655,523.2
3656,208.035411
3657,184.222768
3658,494.4
3659,340.8
3660,417.6
3661,614.572672
3662,316.8
3663,528.0
3664,672.0
3665,297.6
3666,532.8
3667,42.293622
3668,646.785442
3669,267.786573
3670,109.28708
3671,307.2
3672,453.6
3673,537.6
3674,403.2
3675,186.448395
3676,290.301553
3677,261.341223
3678,345.158393
3679,281.110788
3680,66.103422
3681,321.6
3682,698.4
3683,480.578584
3684,185.355353
3685,685.907341
3686,312.0
3687,7.214579
3688,374.8996
3689,419.303041
3690,455.851876
3691,778.350073
3692,126.950071
3693,628.8
3694,217.472776
3695,302.4
3696,146.110685
3697,331.2
3698,224.159416
3699,430.769347
3700,446.4
3701,245.248248
3702,475.159732
3703,556.85728
3704,596.320943
3705,171.248196
3706,532.806637
3707,496.8
3708,131.813652
3709,640.8
3710,312.0
3711,369.6
3712,331.2
3713,331.2
3714,350.4
3715,377.498287
3716,386.031248
3717,571.2
3718,478.107847
3719,238.132215
3720,331.2
3721,292.8
3722,398.4
3723,518.4
3724,453.6
3725,350.4
3726,189.144728
3727,39.781368
3728,242.842607
3729,195.218968
3730,22.326388
3731,547.2
3732,5.894778
3733,747.458052
3734,514.059402
3735,364.8
3736,326.4
3737,151.973156
3738,336.0
3739,40.950769
3740,609.801279
3741,731.479725
3742,340.8
3743,292.206784
3744,300.056383
3745,604.8
3746,124.967415
3747,82.811346
3748,292.8
3749,245.308491
3750,232.183503
3751,476.903351
3752,19.575683
3753,343.139611
3754,494.4
3755,427.2
3756,393.6
3757,345.6
3758,614.4
3759,80.73124
3760,537.6
3761,494.4
3762,387.222556
3763,523.337427
3764,419.471438
3765,672.026958
3766,579.710188
3767,388.346716
3768,432.361631
3769,134.801691
3770,566.4
3771,331.2
3772,310.651386
3773,362.774545
3774,509.722387
3775,355.2
3776,364.8
3777,336.0
3778,285.020982
3779,292.8
3780,460.8
3781,114.097383
3782,355.2
3783,315.879728
3784,585.6
3785,177.224451
3786,770.4
3787,305.544034
3788,504.0
3789,344.048739
3790,44.912125
3791,206.709951
3792,72.617605
3793,552.0
3794,127.104785
3795,532.8
3796,253.637853
3797,802.278237
3798,65.425125
3799,697.010998
3800,417.6
3801,712.8
3802,38.792481
3803,403.2
3804,302.4
3805,103.750234
3806,517.056582
3807,321.6
3808,432.0
3809,379.2
3810,523.2
3811,302.4
3812,316.8
3813,40.754246
3814,279.51121
3815,439.001718
3816,900.0
3817,322.528829
3818,42.43131
3819,355.2
3820,756.0
3821,205.957043
3822,61.715527
3823,545.291103
3824,388.8
3825,420.434259
3826,321.6
3827,465.6
3828,316.8
3829,111.586995
3830,272.024652
3831,9.424668
3832,806.534801
3833,425.266308
3834,50.32306
3835,25.713622
3836,38.379869
3837,163.9498
3838,307.2
3839,425.266308
3840,340.8
3841,80.73124
3842,456.702735
3843,403.2
3844,76.629988
3845,297.6
3846,345.6
3847,321.789644
3848,404.550554
3849,238.262773
3850,340.8
3851,665.931223
3852,302.4
3853,446.08476
3854,121.88814
3855,189.143402
3856,291.410965
3857,399.617715
3858,336.0
3859,103.607499
3860,221.047584
3861,674.863718
3862,31.58501
3863,312.0
3864,340.8
3865,268.773368
3866,732.638975
3867,537.6
3868,74.666163
3869,345.6
3870,292.953446
3871,676.658911
3872,547.2
3873,355.2
3874,386.031248
3875,528.0
3876,149.241472
3877,191.945693
3878,60.090984
3879,222.903462
3880,792.868448
3881,386.520235
3882,284.000172
3883,25.478179
3884,412.8
3885,364.8
3886,499.2
3887,412.8
3888,108.989737
3889,694.078608
3890,618.288849
3891,148.778455
3892,302.4
3893,667.2
3894,435.388932
3895,780.378964
3896,326.4
3897,511.2
3898,558.099357
3899,669.716478
3900,331.2
3901,157.208336
3902,155.511553
3903,424.330166
3904,386.245297
3905,202.961374
3906,412.8
3907,350.4
3908,316.977588
3909,332.40907
3910,806.4
3911,532.8
3912,257.380112
3913,384.0
3914,333.696228
3915,708.693556
3916,265.215014
3917,8.129056
3918,494.196873
3919,316.8
3920,556.8
3921,452.115601
3922,421.906803
3923,684.0
3924,355.2
3925,460.8
3926,45.463345
3927,489.6
3928,234.997994
3929,667.2
3930,172.913031
3931,391.687368
3932,355.909266
3933,340.8
3934,602.911057
3935,312.0
3936,552.0
3937,312.0
3938,705.6
3939,238.245103
3940,181.218317
3941,98.480884
3942,264.642948
3943,93.309811
3944,246.256648
3945,350.4
3946,529.490007
3947,518.4
3948,476.197355
3949,614.4
3950,292.8
3951,403.2
3952,511.2
3953,666.307195
3954,600.0
3955,469.882367
3956,420.39344
3957,427.2
3958,685.227276
3959,355.2
3960,319.294289
3961,475.423848
3962,340.8
3963,28.92584
3964,297.6
3965,511.2
3966,43.618784
3967,292.8
3968,766.519022
3969,2.574682
3970,355.2
3971,32.715179
3972,101.288057
3973,40.44586
3974,420.041981
3975,122.302824
3976,446.4
3977,128.969729
3978,331.2
3979,848.161322
3980,91.914969
3981,453.6
3982,350.4
3983,609.680428
3984,362.774545
3985,422.4
3986,554.4
3987,532.8
3988,274.956819
3989,513.6
3990,468.0
3991,350.097052
3992,150.693773
3993,638.371157
3994,124.376921
3995,153.176419
3996,64.98293
3997,350.4
3998,55.510526
3999,164.282841
4000,328.004855
4001,609.6
4002,111.872115
4003,181.689191
4004,547.2
4005,331.2
4006,384.0
4007,171.475838
4008,85.968142
4009,787.993313
4010,640.229108
4011,374.527412
4012,321.6
4013,576.0
4014,657.6
4015,302.4
4016,676.8
4017,132.492438
4018,355.2
4019,424.219182
4020,243.238784
4021,136.033828
4022,481.025786
4023,835.2
4024,422.4
4025,297.6
4026,657.6
4027,125.961938
4028,404.329477
4029,640.835113
4030,686.774939
4031,156.617415
4032,484.8
4033,203.226649
4034,624.0
4035,871.457982
4036,173.426207
4037,856.8
4038,667.2
4039,368.828511
4040,350.4
4041,312.0
4042,38.763897
4043,171.426318
4044,355.2
4045,345.6
4046,321.6
4047,277.351026
4048,690.548602
4049,59.860273
4050,336.0
4051,355.385287
4052,171.226873
4053,842.4
4054,401.838921
4055,705.6
4056,345.237659
4057,51.316527
4058,277.448968
4059,19.575683
4060,316.8
4061,303.872752
4062,508.8
4063,422.024661
4064,537.6
4065,763.2
4066,128.516525
4067,154.907769
4068,146.757086
4069,556.8
4070,441.6
4071,633.6
4072,475.2
4073,624.0
4074,446.4
4075,648.364172
4076,595.2
4077,257.248789
4078,369.818708
4079,196.155575
4080,307.2
4081,186.191931
4082,36.975673
4083,316.8
4084,52.752601
4085,684.0
4086,148.98255
4087,336.0
4088,473.361602
4089,312.0
4090,202.24202
4091,523.2
4092,438.155584
4093,432.0
4094,417.6
4095,352.394515
4096,347.060173
4097,353.098604
4098,480.0
4099,379.2
4100,542.4
4101,251.075981
4102,622.381217
4103,186.025014
4104,246.065764
4105,842.4
4106,133.907696
4107,241.304377
4108,571.2
4109,52.339396
4110,212.009825
4111,297.6
4112,117.871165
4113,350.4
4114,579.452318
4115,350.4
4116,89.119797
4117,1.208908
4118,409.089884
4119,6.07744
4120,355.114822
4121,104.280764
4122,341.431343
4123,739.2
4124,370.503286
4125,232.01349
4126,283.668439
4127,313.885191
4128,499.2
4129,90.094835
4130,309.577946
4131,748.8
4132,286.124652
4133,347.336864
4134,605.137484
4135,552.0
4136,370.755025
4137,69.142986
4138,618.355883
4139,137.091494
4140,571.2
4141,296.692076
4142,16.524885
4143,32.228778
4144,535.080276
4145,76.026046
4146,0.42331
4147,174.041566
4148,600.0
4149,292.8
4150,384.01403
4151,460.8
4152,489.6
4153,86.477384
4154,83.121963
4155,489.6
4156,684.851797
4157,182.927837
4158,132.543257
4159,571.2
4160,18.918935
4161,209.465295
4162,22.483259
4163,296.049396
4164,518.346912
4165,537.6
4166,326.4
4167,340.8
4168,456.0
4169,451.2
4170,355.028632
4171,547.2
4172,321.6
4173,420.966805
4174,218.717113
4175,132.503461
4176,384.0
4177,378.262864
4178,14.743099
4179,278.804991
4180,369.818708
4181,67.253453
4182,430.093647
4183,316.8
4184,594.177664
4185,326.281835
4186,340.8
4187,427.52731
4188,583.2
4189,824.254866
4190,571.479602
4191,110.567069
4192,770.4
4193,292.8
4194,702.990032
4195,601.983113
4196,421.147532
4197,357.14996
4198,124.380223
4199,494.4
4200,408.415481
4201,251.321448
4202,256.43803
4203,217.188864
4204,243.237741
4205,307.2
4206,412.8
4207,754.260616
4208,336.612234
4209,333.051529
4210,494.4
4211,344.377218
4212,78.008093
4213,413.288851
4214,162.775889
4215,273.018929
4216,316.8
4217,141.628547
4218,492.935479
4219,42.160829
4220,256.43803
4221,329.206567
4222,10.168824
4223,489.6
4224,349.954886
4225,482.328161
4226,483.62724
4227,688.547375
4228,185.898327
4229,585.6
4230,558.835255
4231,104.427573
4232,436.369797
4233,398.4
4234,442.194796
4235,425.137341
4236,7.651121
4237,265.877583
4238,513.6
4239,331.231484
4240,446.4
4241,558.099357
4242,369.6
4243,326.4
4244,619.07199
4245,456.50357
4246,439.2
4247,587.861936
4248,326.4
4249,305.697525
4250,583.2
4251,43.548973
4252,523.2
4253,266.52482
4254,316.8
4255,446.4
4256,438.480672
4257,842.87608
4258,343.889585
4259,495.670802
4260,813.6
4261,39.714767
4262,398.4
4263,784.8
4264,589.298521
4265,499.2
4266,261.930545
4267,56.60333
4268,531.164627
4269,424.330166
4270,513.6
4271,355.2
4272,566.4
4273,28.31732
4274,378.432035
4275,468.0
4276,341.396161
4277,106.665934
4278,471.443077
4279,509.028102
4280,518.4
4281,471.443077
4282,391.039166
4283,376.569009
4284,52.456587
4285,363.995013
4286,446.4
4287,572.072106
4288,314.441585
4289,735.733206
4290,118.810361
4291,863.861736
4292,603.350571
4293,496.474767
4294,331.2
4295,614.4
4296,321.6
4297,307.2
4298,355.2
4299,329.46648
4300,571.2
4301,475.2
4302,105.379402
4303,355.531267
4304,561.6
4305,771.878514
4306,486.720776
4307,234.683628
4308,245.661376
4309,331.2
4310,741.6
4311,332.945455
4312,561.6
4313,89.411365
4314,172.226165
4315,523.2
4316,174.041566
4317,215.255721
4318,369.614729
4319,569.130423
4320,502.369442
4321,114.273025
4322,334.13351
4323,326.4
4324,345.6
4325,312.0
4326,286.781601
4327,336.0
4328,283.241868
4329,523.2
4330,707.925645
4331,340.8
4332,433.160284
4333,326.4
4334,701.708239
4335,326.4
4336,628.8
4337,872.203927
4338,39.127298
4339,364.8
4340,260.265417
4341,312.0
4342,70.712507
4343,20.405935
4344,441.765368
4345,633.132017
4346,331.2
4347,648.0
4348,60.5975
4349,441.623031
4350,595.160486
4351,64.646458
4352,384.0
4353,770.4
4354,359.35328
4355,504.0
4356,316.8
4357,556.8
4358,165.237444
4359,393.6
4360,796.987409
4361,403.67601
4362,638.098653
4363,326.4
4364,625.483498
4365,562.667789
4366,537.6
4367,401.484738
4368,61.769564
4369,147.954285
4370,484.8
4371,194.944319
4372,412.829624
4373,398.4
4374,71.169255
4375,504.365927
4376,750.58561
4377,9.214343
4378,364.8
4379,392.686432
4380,281.110788
4381,398.4
4382,355.2
4383,331.2
4384,772.83851
4385,302.4
4386,435.527845
4387,807.721213
4388,344.693511
4389,360.110955
4390,494.4
4391,7.2574
4392,667.2
4393,277.220384
4394,393.6
4395,355.2
4396,412.8
4397,537.6
4398,103.462381
4399,79.340118
4400,380.917107
4401,468.0
4402,556.8
4403,537.6
4404,465.6
4405,460.8
4406,422.4
4407,413.492922
4408,336.0
4409,302.4
4410,350.4
4411,480.0
4412,391.419263
4413,321.6
4414,167.174678
4415,432.0
4416,307.2
4417,499.2
4418,284.956298
4419,604.8
4420,132.947215
4421,307.2
4422,667.2
4423,366.90936
4424,561.6
4425,198.227061
4426,633.6
4427,487.884823
4428,183.117146
4429,19.575683
4430,225.032781
4431,537.6
4432,326.4
4433,255.946801
4434,392.826082
4435,316.8
4436,487.070965
4437,561.6
4438,4.719043
4439,556.8
4440,638.4
4441,556.8
4442,321.6
4443,146.390518
4444,770.4
4445,245.893663
4446,252.157829
4447,484.8
4448,432.0
4449,708.220713
4450,449.352139
4451,327.656191
4452,486.121464
4453,418.534381
4454,667.2
4455,213.038013
4456,336.13217
4457,377.24342
4458,532.8
4459,491.65337
4460,242.807725
4461,107.645982
4462,166.799814
4463,311.506082
4464,292.181494
4465,333.696228
4466,652.8
4467,345.6
4468,20.141289
4469,156.124914
4470,40.757983
4471,508.8
4472,571.2
4473,292.8
4474,777.6
4475,297.6
4476,241.277426
4477,465.6
4478,364.8
4479,242.254164
4480,463.21435
4481,574.51239
4482,206.818326
4483,355.2
4484,327.647322
4485,171.213743
4486,184.936711
4487,417.6
4488,309.627788
4489,480.0
4490,604.8
4491,455.337179
4492,523.2
4493,691.697458
4494,609.6
4495,292.8
4496,556.8
4497,343.789779
4498,51.995897
4499,355.061143
4500,484.8
4501,344.736945
4502,791.878042
4503,79.934072
4504,774.558233
4505,266.996814
4506,312.0
4507,303.098944
4508,139.826393
4509,121.945071
4510,346.971517
4511,143.276484
4512,616.349424
4513,628.8
4514,485.183645
4515,108.161276
4516,568.58486
4517,321.6
4518,537.315879
4519,839.348464
4520,71.647924
4521,65.590217
4522,407.218947
4523,412.8
4524,768.797656
4525,405.804184
4526,648.925597
4527,556.8
4528,469.6093
4529,740.963933
4530,184.958966
4531,609.6
4532,301.562622
4533,441.540848
4534,528.0
4535,340.8
4536,292.8
4537,712.8
4538,456.0
4539,288.572108
4540,308.321335
4541,317.979988
4542,400.181882
4543,234.723464
4544,374.4
4545,583.2
4546,167.405624
4547,316.8
4548,425.358596
4549,499.2
4550,259.998169
4551,459.048775
4552,667.2
4553,532.8
4554,393.6
4555,279.378884
4556,355.2
4557,384.210821
4558,316.8
4559,91.8198
4560,127.886591
4561,679.534284
4562,321.6
4563,504.0
4564,144.051716
4565,302.4
4566,56.692777
4567,468.728516
4568,532.8
4569,604.8
4570,281.405931
4571,21.612658
4572,369.614729
4573,345.6
4574,507.549315
4575,759.291202
4576,667.2
4577,391.210704
4578,161.388136
4579,316.8
4580,419.302975
4581,652.8
4582,284.000172
4583,494.4
4584,546.046853
4585,48.762193
4586,56.092247
4587,500.577875
4588,151.670029
4589,640.8
4590,156.18031
4591,81.53233
4592,604.8
4593,452.246664
4594,289.181979
4595,302.4
4596,625.282599
4597,851.031598
4598,374.4
4599,198.263056
4600,91.036967
4601,626.4
4602,53.837271
4603,350.4
4604,139.841411
4605,460.8
4606,427.874055
4607,393.6
4608,292.8
4609,6.422285
4610,470.4
4611,393.6
4612,372.430947
4613,316.8
4614,523.2
4615,161.590594
4616,316.8
4617,345.6
4618,441.6
4619,345.6
4620,297.6
4621,328.366827
4622,600.0
4623,364.8
4624,240.24432
4625,240.977382
4626,595.2
4627,369.614729
4628,98.71658
4629,350.689559
4630,449.63005
4631,307.639408
4632,201.455005
4633,537.6
4634,259.006614
4635,734.072654
4636,558.099357
4637,336.0
4638,58.714775
4639,340.8
4640,806.4
4641,68.193193
4642,84.097896
4643,603.110961
4644,416.344082
4645,387.71779
4646,331.94306
4647,152.496995
4648,312.0
4649,753.6
4650,371.206205
4651,523.2
4652,432.0
4653,326.281835
4654,216.700125
4655,770.746666
4656,496.474767
4657,874.324338
4658,849.6
4659,316.8
4660,42.689135
4661,513.6
4662,626.4
4663,388.8
4664,393.215919
4665,123.491865
4666,144.776935
4667,293.227028
4668,712.8
4669,882.871945
4670,548.321886
4671,537.6
4672,307.2
4673,331.2
4674,99.143241
4675,518.4
4676,425.266308
4677,504.0
4678,473.469932
4679,302.4
4680,350.65008
4681,355.2
4682,631.402071
4683,635.64283
4684,547.2
4685,850.593038
4686,432.0
4687,257.248789
4688,305.117221
4689,331.2
4690,639.267653
4691,325.009146
4692,441.6
4693,497.392925
4694,421.632668
4695,431.768752
4696,273.879927
4697,425.800112
4698,345.345026
4699,331.2
4700,451.2
4701,4.23752
4702,257.502471
4703,290.359207
4704,117.781906
4705,446.4
4706,660.430456
4707,532.8
4708,759.285255
4709,345.6
4710,379.2
4711,657.6
4712,341.329847
4713,156.429591
4714,398.4
4715,374.4
4716,489.6
4717,181.468292
4718,424.711758
4719,2.016239
4720,130.303439
4721,453.6
4722,206.495442
4723,76.586018
4724,567.065802
4725,302.4
4726,297.6
4727,134.371323
4728,105.991559
4729,302.4
4730,640.8
4731,770.227699
4732,321.6
4733,168.28738
4734,187.903224
4735,292.8
4736,763.2
4737,413.695258
4738,369.614729
4739,52.804096
4740,312.0
4741,222.791933
4742,407.440238
4743,350.4
4744,369.818708
4745,302.4
4746,182.815897
4747,316.8
4748,662.715218
4749,58.776508
4750,612.300581
4751,566.4
4752,206.911942
4753,316.8
4754,660.136987
4755,173.899238
4756,364.695093
4757,511.2
4758,316.111035
4759,484.8
4760,151.872106
4761,108.567965
4762,770.4
4763,374.4
4764,681.167228
4765,204.620759
4766,561.499579
4767,384.0
4768,242.628654
4769,747.658769
4770,398.4
4771,362.989533
4772,40.401396
4773,413.606733
4774,65.428481
4775,518.4
4776,128.969729
4777,532.8
4778,419.365958
4779,282.657499
4780,596.494439
4781,377.350433
4782,307.2
4783,500.638118
4784,470.956628
4785,518.4
4786,312.0
4787,301.891189
4788,333.189774
4789,98.198664
4790,292.8
4791,569.908338
4792,571.593637
4793,297.6
4794,167.073308
4795,582.462008
4796,379.583119
4797,326.4
4798,297.6
4799,385.572011
4800,326.4
4801,475.2
4802,813.6
4803,292.8
4804,297.6
4805,374.4
4806,669.6
4807,522.41314
4808,518.4
4809,124.463095
4810,475.01424
4811,224.888004
4812,374.4
4813,36.97749
4814,86.309744
4815,792.104571
4816,193.33986
4817,321.6
4818,291.388894
4819,792.0
4820,298.636534
4821,256.43803
4822,90.712257
4823,285.894115
4824,199.851201
4825,226.10336
4826,312.0
4827,297.6
4828,532.8
4829,303.872752
4830,77.778826
4831,42.689135
4832,428.27511
4833,758.333096
4834,599.000883
4835,612.0
4836,494.4
4837,368.022992
4838,542.4
4839,699.521401
4840,523.815839
4841,321.6
4842,489.6
4843,192.644347
4844,526.476537
4845,17.479575
4846,256.893746
4847,475.2
4848,312.0
4849,422.4
4850,364.8
4851,784.8
4852,412.8
4853,457.783791
4854,667.2
4855,340.8
4856,124.180159
4857,900.0
4858,491.848498
4859,281.295903
4860,540.072619
4861,655.2
4862,299.505575
4863,806.4
4864,508.8
4865,46.053458
4866,331.2
4867,475.2
4868,597.259924
4869,427.2
4870,350.4
4871,1.48947
4872,200.493214
4873,302.4
4874,470.4
4875,254.311154
4876,633.6
4877,499.590386
4878,528.0
4879,104.06843
4880,478.750667
4881,619.2
4882,292.8
4883,341.868399
4884,458.804028
4885,179.633818
4886,186.608147
4887,336.0
4888,460.8
4889,107.713617
4890,161.695519
4891,80.73124
4892,230.912999
4893,31.652079
4894,202.514015
4895,406.634615
4896,378.261483
4897,138.947984
4898,748.8
4899,177.211626
4900,259.714887
4901,321.6
4902,355.2
4903,164.328953
4904,384.0
4905,601.455036
4906,4.845348
4907,504.0
4908,16.711329
4909,628.8
4910,412.8
4911,248.405684
4912,580.8
4913,321.6
4914,297.6
4915,316.8
4916,528.047506
4917,46.804
4918,437.934279
4919,582.781896
4920,355.2
4921,448.374285
4922,297.6
4923,529.502964
4924,51.822348
4925,892.8
4926,552.0
4927,326.787526
4928,683.554301
4929,7.991571
4930,451.2
4931,489.6
4932,494.4
4933,792.0
4934,563.727058
4935,292.8
4936,120.128737
4937,710.661746
4938,14.784843
4939,423.787608
4940,314.143133
4941,301.60252
4942,420.041981
4943,46.278027
4944,63.709865
4945,13.444132
4946,355.2
4947,480.0
4948,91.834668
4949,302.4
4950,301.841073
4951,675.569113
4952,333.830572
4953,60.921658
4954,291.890464
4955,55.510526
4956,583.278307
4957,37.960537
4958,398.4
4959,725.870693
4960,386.977271
4961,312.0
4962,453.6
4963,316.8
4964,456.0
4965,448.061777
4966,436.8
4967,123.490337
4968,547.2
4969,733.319294
4970,590.017366
4971,29.984815
4972,595.2
4973,694.598288
4974,835.2
4975,206.82346
4976,39.069987
4977,475.2
4978,130.298883
4979,374.4
4980,468.0
4981,433.160284
4982,643.2
4983,367.150034
4984,19.281882
4985,547.2
4986,355.2
4987,312.0
4988,345.180055
4989,32.83059
4990,345.6
4991,398.502948
4992,556.054702
4993,109.543927
4994,326.281835
4995,197.040115
4996,436.411688
4997,110.529874
4998,537.6
4999,350.4
5000,152.216871
5001,312.0
5002,331.2
5003,350.4
5004,441.992043
5005,810.461707
5006,523.2
5007,60.036683
5008,674.973614
5009,590.4
5010,78.581528
5011,43.579327
5012,192.591072
5013,402.74168
5014,509.997312
5015,310.36774
5016,133.099001
5017,332.76894
5018,436.8
5019,489.6
5020,38.309313
5021,427.265172
5022,568.8
5023,125.017501
5024,419.610914
5025,604.8
5026,544.712653
5027,446.4
5028,317.982567
5029,312.0
5030,619.2
5031,547.2
5032,588.265049
5033,794.874636
5034,882.871945
5035,344.137073
5036,321.6
5037,438.778537
5038,133.4674
5039,460.8
5040,442.964578
5041,257.923563
5042,549.101027
5043,336.0
5044,302.4
5045,820.8
5046,617.201984
5047,451.2
5048,243.598068
5049,452.095421
5050,428.064465
5051,490.113784
5052,144.551024
5053,307.2
5054,13.949992
5055,528.0
5056,712.8
5057,271.968707
5058,99.810799
5059,165.243007
5060,238.530745
5061,828.0
5062,571.2
5063,444.027215
5064,170.559281
5065,828.0
5066,336.0
5067,312.0
5068,379.2
5069,352.394515
5070,44.359382
5071,660.430456
5072,296.261405
5073,218.779614
5074,721.241935
5075,398.4
5076,183.978738
5077,468.0
5078,116.163
5079,307.2
5080,117.928547
5081,151.055863
5082,78.003781
5083,263.82569
5084,91.735354
5085,465.6
5086,336.0
5087,701.708239
5088,333.423827
5089,468.0
5090,345.6
5091,204.090644
5092,312.0
5093,667.2
5094,500.908028
5095,345.6
5096,326.4
5097,393.6
5098,244.278662
5099,534.079032
5100,138.729702
5101,302.4
5102,584.567645
5103,300.056383
5104,355.2
5105,307.2
5106,425.527151
5107,496.8
5108,107.928851
5109,340.8
5110,633.6
5111,468.0
5112,571.2
5113,432.0
5114,229.620398
5115,284.000172
5116,316.876671
5117,412.8
5118,13.810251
5119,791.878042
5120,609.6
5121,446.4
5122,326.4
5123,49.014822
5124,312.0
5125,529.45565
5126,48.181699
5127,604.8
5128,456.0
5129,489.6
5130,792.0
5131,556.8
5132,55.510526
5133,113.805875
5134,229.70752
5135,552.0
5136,18.918935
5137,494.4
5138,312.0
5139,307.080113
5140,292.8
5141,230.300308
5142,312.0
5143,350.4
5144,488.84232
5145,643.2
5146,142.415244
5147,446.4
5148,468.0
5149,258.109435
5150,496.474767
5151,355.2
5152,201.589875
5153,94.845076
5154,427.2
5155,378.333708
5156,751.927019
5157,518.4
5158,226.738219
5159,127.233139
5160,104.905661
5161,716.67276
5162,517.100887
5163,275.608537
5164,7.793078
5165,441.6
5166,9.050204
5167,337.79769
5168,130.697268
5169,528.0
5170,451.670309
5171,504.513989
5172,483.482031
5173,113.724707
5174,312.0
5175,142.932303
5176,207.75186
5177,374.4
5178,377.917394
5179,460.8
5180,407.440238
5181,734.4
5182,331.2
5183,502.46107
5184,489.6
5185,734.4
5186,78.248458
5187,556.8
5188,154.049617
5189,79.893853
5190,331.2
5191,383.110633
5192,489.6
5193,350.4
5194,292.8
5195,331.2
5196,166.502804
5197,86.274545
5198,577.57549
5199,197.498882
5200,326.4
5201,208.598246
5202,10.478305
5203,433.160284
5204,418.689402
5205,195.153339
5206,365.466805
5207,619.2
5208,504.0
5209,292.8
5210,98.923871
5211,350.4
5212,355.2
5213,580.8
5214,601.074585
5215,340.8
5216,111.865326
5217,513.6
5218,532.8
5219,24.04838
5220,331.2
5221,344.470631
5222,12.945127
5223,885.6
5224,456.0
5225,408.0
5226,345.6
5227,744.026708
5228,537.6
5229,294.502382
5230,316.8
5231,216.01091
5232,98.33116
5233,350.4
5234,529.493769
5235,234.774747
5236,523.888845
5237,614.4
5238,600.0
5239,65.803328
5240,151.835574
5241,307.2
5242,589.628918
5243,350.4
5244,758.4
5245,136.2171
5246,364.8
5247,261.930545
5248,547.912576
5249,427.2
5250,46.464625
5251,265.742679
5252,336.0
5253,307.2
5254,216.839496
5255,388.8
5256,108.118855
5257,187.934331
5258,165.057816
5259,254.404622
5260,266.932542
5261,748.8
5262,267.699403
5263,460.8
5264,619.2
5265,331.2
5266,209.427344
5267,384.0
5268,468.0
5269,681.038959
5270,286.960016
5271,336.892624
5272,445.265108
5273,548.333667
5274,83.897335
5275,307.2
5276,167.295936
5277,16.80116
5278,513.6
5279,355.2
5280,41.721538
5281,279.450351
5282,459.895876
5283,238.032027
5284,475.2
5285,292.8
5286,167.889924
5287,629.82071
5288,77.129691
5289,334.133949
5290,417.6
5291,446.4
5292,112.660916
5293,489.6
5294,662.444819
5295,166.937747
5296,833.417104
5297,29.618152
5298,364.8
5299,765.906271
5300,144.728404
5301,386.160674
5302,102.322529
5303,326.4
5304,143.535826
5305,525.6
5306,702.990032
5307,356.563616
5308,486.987555
5309,475.2
5310,210.641776
5311,35.565605
5312,448.181396
5313,572.072106
5314,292.8
5315,437.608909
5316,631.743039
5317,320.629479
5318,354.530239
5319,246.249051
5320,528.0
5321,446.4
5322,871.2
5323,292.8
5324,561.6
5325,412.8
5326,689.507724
5327,739.2
5328,369.6
5329,430.477436
5330,717.763724
5331,199.281404
5332,297.6
5333,336.0
5334,725.870693
5335,640.8
5336,528.0
5337,456.0
5338,398.4
5339,676.8
5340,442.521087
5341,667.2
5342,62.837764
5343,640.8
5344,350.4
5345,504.0
5346,670.656551
5347,532.8
5348,345.6
5349,293.070538
5350,232.875794
5351,331.2
5352,288.572108
5353,540.173933
5354,340.8
5355,250.697824
5356,443.772927
5357,504.0
5358,630.85509
5359,528.20086
5360,422.765363
5361,41.464402
5362,326.4
5363,331.2
5364,129.165554
5365,266.144648
5366,47.22861
5367,340.8
5368,712.8
5369,321.6
5370,345.6
5371,459.276664
5372,381.062306
5373,352.089317
5374,414.106436
5375,499.2
5376,309.424708
5377,451.2
5378,345.6
5379,120.083224
5380,701.708239
5381,114.273025
5382,104.123179
5383,392.235698
5384,331.2
5385,36.818178
5386,249.799752
5387,417.6
5388,123.790553
5389,336.0
5390,456.702735
5391,614.4
5392,470.4
5393,698.4
5394,123.15416
5395,316.8
5396,582.690575
5397,321.6
5398,446.4
5399,580.8
5400,723.301363
5401,347.47509
5402,720.0
5403,499.2
5404,698.4
5405,616.005527
5406,284.492531
5407,352.791394
5408,415.986454
5409,628.207511
5410,882.871945
5411,141.532926
5412,504.0
5413,214.247114
5414,312.0
5415,200.490816
5416,55.510526
5417,350.4
5418,167.667603
5419,345.6
5420,345.6
5421,173.80879
5422,374.4
5423,347.857619
5424,436.8
5425,465.6
5426,410.409376
5427,468.0
5428,585.6
5429,462.043003
5430,619.2
5431,316.8
5432,414.713588
5433,350.4
5434,49.451117
5435,456.0
5436,504.0
5437,638.414994
5438,132.517983
5439,648.690215
5440,108.09413
5441,243.547316
5442,278.4815
5443,72.32926
5444,135.888306
5445,141.654965
5446,555.457674
5447,239.143671
5448,287.332253
5449,260.627146
5450,262.00129
5451,310.160362
5452,415.550209
5453,566.4
5454,303.331178
5455,31.553152
5456,459.743736
5457,225.578841
5458,302.4
5459,452.599718
5460,835.2
5461,541.093963
5462,452.295175
5463,572.072106
5464,450.596865
5465,437.184112
5466,316.8
5467,321.6
5468,156.921247
5469,292.8
5470,513.6
5471,556.8
5472,331.2
5473,856.8
5474,93.128128
5475,54.628741
5476,460.379966
5477,585.6
5478,307.2
5479,253.056709
5480,549.986128
5481,50.171541
5482,82.415457
5483,566.4
5484,532.8
5485,242.099049
5486,851.022089
5487,330.872532
5488,345.6
5489,326.4
5490,374.4
5491,421.563772
5492,513.6
5493,612.0
5494,633.6
5495,828.0
5496,313.351134
5497,180.340069
5498,561.6
5499,599.000883
5500,350.207614
5501,482.4
5502,60.036683
5503,117.470445
5504,10.68564
5505,392.235698
5506,535.953661
5507,732.050007
5508,104.209216
5509,571.479602
5510,315.353519
5511,316.8
5512,284.000172
5513,340.8
5514,128.535182
5515,292.8
5516,667.2
5517,504.0
5518,288.572108
5519,556.8
5520,297.6
5521,311.84034
5522,211.515893
5523,253.193647
5524,136.248799
5525,633.6
5526,36.105928
5527,161.231812
5528,413.269261
5529,590.4
5530,700.004018
5531,475.2
5532,224.265232
5533,321.6
5534,121.928014
5535,297.6
5536,481.025786
5537,30.989755
5538,475.2
5539,436.8
5540,106.814987
5541,94.338814
5542,7.345946
5543,302.4
5544,71.678412
5545,268.471802
5546,501.26513
5547,862.49778
5548,441.6
5549,133.103003
5550,384.0
5551,556.8
5552,542.4
5553,119.062347
5554,78.452298
5555,300.056383
5556,282.458203
5557,523.701824
5558,91.229768
5559,374.4
5560,487.273964
5561,41.182611
5562,609.046345
5563,28.126402
5564,547.2
5565,343.340361
5566,302.4
5567,504.0
5568,93.951709
5569,340.8
5570,560.045764
5571,432.0
5572,336.0
5573,307.2
5574,290.886242
5575,560.91624
5576,30.423443
5577,302.4
5578,525.6
5579,91.244938
5580,420.041981
5581,547.2
5582,494.4
5583,316.8
5584,244.401453
5585,632.244063
5586,316.8
5587,412.106287
5588,305.603239
5589,151.572213
5590,537.6
5591,384.695536
5592,153.489143
5593,97.417808
5594,331.2
5595,441.6
5596,161.210468
5597,460.8
5598,456.0
5599,669.6
5600,572.072106
5601,273.691831
5602,352.394515
5603,337.95778
5604,61.915326
5605,590.626396
5606,398.4
5607,799.2
5608,580.091966
5609,599.000883
5610,601.124657
5611,89.398794
5612,439.2
5613,411.856297
5614,331.116399
5615,406.439436
5616,333.7925
5617,799.2
5618,230.241775
5619,126.049033
5620,331.2
5621,499.2
5622,703.118925
5623,297.6
5624,433.160284
5625,315.160937
5626,138.460771
5627,261.930545
5628,312.0
5629,561.6
5630,619.2
5631,295.871784
5632,292.8
5633,619.2
5634,312.0
5635,297.6
5636,405.883346
5637,168.358644
5638,235.316581
5639,537.6
5640,481.823284
5641,463.382118
5642,571.2
5643,374.024077
5644,185.070399
5645,398.4
5646,427.242973
5647,229.272206
5648,900.0
5649,660.587577
5650,177.234
5651,108.701381
5652,118.468275
5653,278.574142
5654,473.613006
5655,76.175672
5656,22.945038
5657,316.8
5658,406.48025
5659,73.258034
5660,537.6
5661,763.2
5662,362.276183
5663,312.0
5664,0.887629
5665,203.42306
5666,590.4
5667,123.576765
5668,108.871857
5669,64.977867
5670,412.8
5671,80.753763
5672,408.0
5673,675.661163
5674,331.2
5675,297.6
5676,29.035528
5677,355.2
5678,726.132858
5679,488.296267
5680,316.8
5681,365.820487
5682,170.496071
5683,507.060901
5684,27.66775
5685,817.692013
5686,312.0
5687,452.271771
5688,186.387874
5689,441.6
5690,405.443681
5691,504.0
5692,603.100479
5693,438.149129
5694,207.75186
5695,105.181202
5696,42.029731
5697,324.944098
5698,326.4
5699,710.740743
5700,552.0
5701,329.238904
5702,442.9167
5703,292.8
5704,326.4
5705,327.912134
5706,48.782626
5707,315.326222
5708,770.254285
5709,482.4
5710,48.936563
5711,348.186032
5712,289.468771
5713,441.6
5714,62.625841
5715,657.6
5716,499.2
5717,281.295903
5718,312.0
5719,552.0
5720,207.75186
5721,300.056383
5722,757.170246
5723,482.4
5724,93.181865
5725,83.240006
5726,871.055266
5727,460.8
5728,302.733593
5729,547.2
5730,604.8
5731,60.005031
5732,393.6
5733,565.837664
5734,304.115627
5735,327.061103
5736,181.804443
5737,21.261834
5738,547.2
5739,481.025786
5740,135.851316
5741,250.058657
5742,272.195232
5743,336.0
5744,170.532133
5745,152.365482
5746,302.4
5747,131.262395
5748,117.229971
5749,312.0
5750,457.169818
5751,612.300581
5752,628.8
5753,274.114843
5754,756.0
5755,403.2
5756,479.312226
5757,379.951464
5758,430.604489
5759,344.015386
5760,547.2
5761,587.656629
5762,175.429028
5763,292.8
5764,553.699596
5765,343.278996
5766,547.619785
5767,302.4
5768,446.4
5769,297.6
5770,407.440238
5771,436.8
5772,763.2
5773,544.250322
5774,362.774545
5775,238.517525
5776,326.4
5777,518.4
5778,673.780804
5779,336.0
5780,316.8
5781,22.75546
5782,666.092015
5783,216.196521
5784,16.37296
5785,400.181882
5786,4.619402
5787,590.4
5788,460.8
5789,489.6
5790,900.0
5791,307.2
5792,302.4
5793,135.626867
5794,96.338144
5795,433.160284
5796,154.713524
5797,111.836561
5798,46.20341
5799,81.599332
5800,412.8
5801,302.4
5802,289.236063
5803,23.773332
5804,525.6
5805,206.926432
5806,337.219884
5807,39.292196
5808,602.431489
5809,336.0
5810,504.0
5811,67.647131
5812,74.803791
5813,565.267705
5814,60.036683
5815,441.6
5816,316.8
5817,47.70723
5818,71.053011
5819,340.8
5820,711.8026
5821,312.0
5822,364.8
5823,774.714929
5824,451.2
5825,302.272725
5826,286.967405
5827,369.6
5828,718.383
5829,321.060571
5830,61.585668
5831,496.8
5832,340.8
5833,312.0
5834,336.0
5835,155.125923
5836,331.2
5837,312.0
5838,511.2
5839,4.216231
5840,85.073541
5841,504.0
5842,203.640251
5843,146.124719
5844,312.0
5845,56.351667
5846,92.966783
5847,547.2
5848,453.6
5849,292.434826
5850,345.6
5851,464.99983
5852,297.6
5853,409.88696
5854,631.108223
5855,316.8
5856,537.6
5857,186.292275
5858,138.633681
5859,38.403843
5860,508.8
5861,7.345946
5862,388.8
5863,445.19869
5864,571.2
5865,33.894695
5866,326.4
5867,762.007253
5868,2.028223
5869,150.688024
5870,112.425578
5871,340.8
5872,568.8
5873,446.4
5874,355.2
5875,108.69654
5876,523.2
5877,26.314753
5878,340.453606
5879,272.844816
5880,207.75186
5881,734.4
5882,535.080276
5883,348.216284
5884,465.6
5885,856.8
5886,510.381882
5887,311.404068
5888,547.2
5889,604.8
5890,331.2
5891,446.4
5892,820.8
5893,134.828318
5894,302.4
5895,542.4
5896,460.8
5897,316.8
5898,748.8
5899,694.357961
5900,344.288189
5901,320.486645
5902,436.8
5903,425.800112
5904,648.0
5905,159.239518
5906,326.926833
5907,496.8
5908,604.8
5909,72.862304
5910,308.54976
5911,460.8
5912,37.699658
5913,314.246507
5914,211.68058
5915,268.471802
5916,300.312635
5917,427.2
5918,712.8
5919,104.977375
5920,292.8
5921,269.406119
5922,482.4
5923,326.4
5924,229.686659
5925,806.4
5926,674.973614
5927,493.055291
5928,10.42277
5929,350.4
5930,420.041981
5931,345.6
5932,128.643975
5933,532.8
5934,792.609747
5935,340.8
5936,321.6
5937,307.2
5938,340.8
5939,272.612048
5940,161.640052
5941,446.4
5942,723.786607
5943,366.381387
5944,105.068788
5945,511.2
5946,472.043042
5947,528.20086
5948,617.396701
5949,37.802583
5950,525.6
5951,832.453791
5952,377.354191
5953,534.501024
5954,156.282093
5955,61.769564
5956,501.134524
5957,820.8
5958,292.8
5959,532.8
5960,57.712985
5961,326.4
5962,412.8
5963,471.443077
5964,702.990032
5965,316.8
5966,439.772868
5967,689.282166
5968,340.8
5969,203.469143
5970,422.4
5971,69.794432
5972,377.781658
5973,362.51794
5974,460.8
5975,446.4
5976,190.751345
5977,360.499075
5978,88.382536
5979,284.000172
5980,292.8
5981,336.0
5982,56.60333
5983,112.268583
5984,142.459804
5985,400.181882
5986,552.0
5987,321.6
5988,571.2
5989,777.6
5990,121.654567
5991,55.510526
5992,707.264022
5993,366.531664
5994,460.8
5995,400.294938
5996,218.374041
5997,530.667993
5998,699.517349
5999,525.6
6000,277.360797
6001,456.0
6002,324.097433
6003,331.2
6004,425.266308
6005,331.2
6006,206.01822
6007,756.0
6008,125.52458
6009,292.8
6010,369.6
6011,820.8
6012,27.031485
6013,326.242099
6014,583.2
6015,561.6
6016,627.898468
6017,206.211089
6018,763.2
6019,297.187468
6020,50.473675
6021,435.189747
6022,147.128736
6023,301.402778
6024,590.4
6025,422.4
6026,274.165887
6027,103.702555
6028,661.608936
6029,612.300581
6030,428.490681
6031,509.513764
6032,91.674854
6033,112.660916
6034,248.422693
6035,528.0
6036,302.4
6037,770.4
6038,511.120131
6039,292.8
6040,162.557048
6041,655.073317
6042,114.429816
6043,504.0
6044,175.972039
6045,121.025058
6046,336.0
6047,556.8
6048,432.0
6049,383.789732
6050,296.637382
6051,544.217453
6052,456.0
6053,370.018108
6054,185.355353
6055,0.769185
6056,609.323227
6057,727.2
6058,565.508572
6059,590.4
6060,731.350857
6061,340.8
6062,52.435202
6063,595.2
6064,111.164747
6065,288.572108
6066,302.137164
6067,276.877348
6068,643.2
6069,350.4
6070,668.773522
6071,232.753598
6072,291.744204
6073,333.696228
6074,542.4
6075,163.576763
6076,129.999138
6077,274.159702
6078,41.617367
6079,100.652984
6080,354.939043
6081,151.991098
6082,312.0
6083,323.865715
6084,465.6
6085,580.8
6086,82.483947
6087,443.44552
6088,355.2
6089,897.379535
6090,784.8
6091,428.563553
6092,535.606632
6093,464.038577
6094,494.4
6095,45.425684
6096,556.8
6097,312.0
6098,504.0
6099,504.0
6100,900.0
6101,571.2
6102,676.8
6103,263.454037
6104,350.4
6105,532.8
6106,112.660916
6107,279.706613
6108,748.8
6109,199.460544
6110,304.156333
6111,388.8
6112,355.2
6113,453.6
6114,470.4
6115,831.340966
6116,302.4
6117,612.0
6118,102.147789
6119,513.041633
6120,290.057111
6121,451.2
6122,393.6
6123,312.0
6124,350.4
6125,285.843893
6126,308.349562
6127,321.6
6128,350.4
6129,465.6
6130,302.4
6131,511.2
6132,213.587367
6133,871.2
6134,307.2
6135,249.803437
6136,797.558033
6137,1.332349
6138,528.391284
6139,778.463303
6140,128.490137
6141,292.8
6142,538.545218
6143,65.457366
6144,307.2
6145,225.578841
6146,732.340362
6147,604.8
6148,552.0
6149,568.8
6150,345.6
6151,312.0
6152,286.142521
6153,528.0
6154,571.2
6155,282.770894
6156,292.8
6157,360.269404
6158,388.819919
6159,556.8
6160,316.8
6161,340.8
6162,277.871312
6163,487.102627
6164,205.294927
6165,504.0
6166,142.695319
6167,417.6
6168,316.8
6169,326.4
6170,131.614733
6171,91.391245
6172,73.27252
6173,307.2
6174,566.4
6175,340.8
6176,656.57161
6177,571.2
6178,240.186527
6179,312.0
6180,439.2
6181,513.6
6182,86.912677
6183,331.2
6184,97.928632
6185,633.6
6186,209.504391
6187,42.642554
6188,2.173552
6189,597.6
6190,432.805382
6191,400.181882
6192,120.850664
6193,137.086695
6194,599.000883
6195,313.931213
6196,562.224942
6197,806.180375
6198,460.266881
6199,309.568636
6200,271.074379
6201,561.6
6202,20.209679
6203,412.884282
6204,655.2
6205,273.945412
6206,190.998822
6207,399.0564
6208,340.8
6209,20.374393
6210,456.519419
6211,393.6
6212,475.166267
6213,441.6
6214,220.446667
6215,463.425687
6216,513.6
6217,111.250449
6218,307.2
6219,496.477418
6220,489.6
6221,537.6
6222,292.8
6223,420.041981
6224,100.323765
6225,72.760316
6226,297.6
6227,255.565349
6228,127.322656
6229,475.599472
6230,460.551521
6231,201.455005
6232,72.543171
6233,471.443077
6234,842.4
6235,554.4
6236,252.699037
6237,65.548725
6238,621.968062
6239,400.181882
6240,276.467811
6241,321.6
6242,210.100003
6243,126.857228
6244,312.0
6245,736.00483
6246,481.025786
6247,432.0
6248,63.127223
6249,651.623195
6250,391.970334
6251,489.6
6252,276.191729
6253,292.8
6254,580.8
6255,204.121476
6256,532.8
6257,164.746184
6258,6.395416
6259,350.4
6260,439.2
6261,139.714897
6262,58.469264
6263,468.0
6264,312.0
6265,571.2
6266,48.344273
6267,486.278557
6268,171.287759
6269,43.14147
6270,13.874775
6271,556.8
6272,316.8
6273,145.896438
6274,331.2
6275,420.374805
6276,697.798804
6277,312.0
6278,518.4
6279,350.4
6280,408.0
6281,678.946216
6282,32.114117
6283,471.443077
6284,504.0
6285,597.6
6286,512.542299
6287,336.0
6288,656.775467
6289,288.572108
6290,470.386291
6291,292.8
6292,600.0
6293,225.641724
6294,41.308429
6295,482.4
6296,648.0
6297,369.6
6298,297.738909
6299,312.0
6300,292.8
6301,30.448249
6302,167.037619
6303,364.8
6304,324.348688
6305,326.4
6306,200.177163
6307,200.54531
6308,572.522796
6309,153.200014
6310,345.6
6311,436.8
6312,877.034575
6313,277.582137
6314,49.234943
6315,505.975326
6316,381.960657
6317,404.303518
6318,345.6
6319,321.6
6320,609.6
6321,433.959806
6322,439.2
6323,291.257059
6324,840.179082
6325,218.635593
6326,662.4
6327,63.161647
6328,175.528642
6329,188.878749
6330,117.036869
6331,347.857619
6332,316.8
6333,453.6
6334,364.8
6335,19.668633
6336,350.4
6337,80.73124
6338,662.4
6339,547.2
6340,78.975117
6341,472.500375
6342,489.6
6343,761.722334
6344,191.365686
6345,482.4
6346,576.880144
6347,67.530904
6348,115.126739
6349,204.685796
6350,182.350945
6351,806.4
6352,95.95081
6353,112.420211
6354,591.511506
6355,321.6
6356,542.4
6357,336.0
6358,460.8
6359,674.973614
6360,643.2
6361,468.0
6362,535.080276
6363,398.735257
6364,849.011958
6365,481.025786
6366,379.2
6367,394.248334
6368,590.4
6369,528.0
6370,386.765125
6371,590.4
6372,336.0
6373,475.2
6374,484.8
6375,508.8
6376,292.8
6377,486.278557
6378,404.82483
6379,275.349481
6380,270.370335
6381,376.836888
6382,146.301396
6383,489.6
6384,250.723005
6385,676.8
6386,347.595108
6387,547.2
6388,513.511091
6389,496.805418
6390,542.4
6391,489.6
6392,640.8
6393,350.4
6394,456.0
6395,350.4
6396,78.179743
6397,412.8
6398,238.057939
6399,345.6
6400,264.666921
6401,757.206098
6402,62.282034
6403,321.6
6404,364.8
6405,257.248789
6406,499.2
6407,489.6
6408,566.4
6409,609.6
6410,316.8
6411,174.041566
6412,110.868874
6413,453.6
6414,64.799325
6415,130.775164
6416,312.110029
6417,312.0
6418,340.8
6419,345.6
6420,499.2
6421,532.8
6422,556.8
6423,208.598246
6424,769.788818
6425,355.2
6426,69.004181
6427,513.6
6428,134.104322
6429,207.289724
6430,364.8
6431,336.0
6432,518.064733
6433,438.812143
6434,174.08854
6435,316.8
6436,476.385575
6437,617.288574
6438,611.476898
6439,312.0
6440,350.4
6441,328.362698
6442,460.8
6443,508.8
6444,295.821353
6445,435.7186
6446,626.4
6447,486.545439
6448,272.737308
6449,345.6
6450,596.2476
6451,192.859737
6452,511.2
6453,571.549745
6454,131.515739
6455,64.894362
6456,181.810486
6457,614.4
6458,494.4
6459,281.372658
6460,465.6
6461,494.4
6462,427.762841
6463,246.57631
6464,424.466821
6465,289.040734
6466,412.8
6467,511.2
6468,222.478994
6469,446.4
6470,5.453269
6471,667.2
6472,316.8
6473,385.440163
6474,676.8
6475,206.158416
6476,73.295606
6477,799.2
6478,148.003496
6479,261.930545
6480,251.152889
6481,643.2
6482,392.7457
6483,600.0
6484,316.8
6485,152.080908
6486,412.8
6487,513.6
6488,625.395925
6489,165.410515
6490,439.781453
6491,326.4
6492,398.4
6493,171.746945
6494,122.924197
6495,292.8
6496,580.8
6497,465.6
6498,451.2
6499,398.4
6500,431.32052
6501,468.0
6502,856.8
6503,614.4
6504,20.521312
6505,408.0
6506,537.6
6507,321.6
6508,847.717402
6509,675.468453
6510,619.2
6511,312.0
6512,546.052144
6513,164.974886
6514,331.2
6515,325.917598
6516,309.076476
6517,208.598246
6518,155.761761
6519,85.155359
6520,519.757811
6521,345.6
6522,61.285525
6523,764.221884
6524,368.669336
6525,226.731454
6526,525.6
6527,156.736745
6528,302.4
6529,354.764801
6530,729.405742
6531,518.4
6532,292.8
6533,620.19254
6534,422.4
6535,408.0
6536,345.6
6537,91.815153
6538,848.201438
6539,541.229321
6540,456.290338
6541,11.046789
6542,48.288036
6543,157.174836
6544,405.384524
6545,158.077504
6546,25.605349
6547,791.878042
6548,326.4
6549,590.4
6550,163.411884
6551,345.6
6552,434.26667
6553,186.857059
6554,82.211282
6555,117.964245
6556,412.8
6557,660.430456
6558,99.223092
6559,350.4
6560,532.8
6561,547.2
6562,489.6
6563,756.0
6564,340.8
6565,498.533231
6566,556.8
6567,177.36984
6568,148.971857
6569,264.040157
6570,407.440238
6571,230.84972
6572,412.8
6573,619.267164
6574,390.498822
6575,361.564021
6576,794.445585
6577,837.905079
6578,302.353842
6579,352.130674
6580,355.2
6581,211.660971
6582,585.454243
6583,198.75466
6584,662.4
6585,345.6
6586,369.822544
6587,757.89114
6588,284.239719
6589,291.587866
6590,499.2
6591,632.765462
6592,412.8
6593,489.6
6594,258.036918
6595,537.6
6596,36.732923
6597,610.567945
6598,100.557495
6599,456.702735
6600,150.501033
6601,193.86537
6602,604.8
6603,350.75997
6604,307.2
6605,350.4
6606,333.696228
6607,455.545318
6608,316.8
6609,17.92017
6610,484.8
6611,499.2
6612,376.502488
6613,198.080417
6614,121.327914
6615,297.6
6616,182.607687
6617,487.814322
6618,357.618596
6619,292.8
6620,355.2
6621,566.4
6622,355.2
6623,563.284331
6624,482.4
6625,312.0
6626,427.2
6627,352.740946
6628,612.300581
6629,421.824276
6630,312.0
6631,725.339771
6632,76.73348
6633,569.124597
6634,494.664784
6635,484.8
6636,84.715044
6637,326.4
6638,326.4
6639,571.2
6640,22.569825
6641,263.592181
6642,442.808018
6643,253.04739
6644,300.056383
6645,528.0
6646,280.037716
6647,321.6
6648,87.135752
6649,787.993313
6650,292.8
6651,571.2
6652,303.872752
6653,41.139806
6654,576.0
6655,316.8
6656,297.6
6657,393.151377
6658,600.0
6659,331.2
6660,339.255348
6661,138.588291
6662,199.299449
6663,446.4
6664,566.4
6665,587.504777
6666,429.657692
6667,181.335364
6668,754.945216
6669,551.569883
6670,318.040989
6671,414.190987
6672,624.532492
6673,275.341953
6674,129.267408
6675,326.4
6676,212.455137
6677,644.269611
6678,515.930856
6679,162.461078
6680,326.4
6681,333.308611
6682,72.828431
6683,413.196371
6684,354.885018
6685,46.315771
6686,72.686545
6687,312.0
6688,156.452827
6689,307.2
6690,355.2
6691,828.0
6692,203.886869
6693,355.2
6694,369.6
6695,771.39748
6696,150.878447
6697,183.602763
6698,340.8
6699,147.486454
6700,321.6
6701,511.2
6702,585.6
6703,658.125874
6704,369.6
6705,105.662175
6706,321.6
6707,424.375364
6708,299.452532
6709,741.850171
6710,292.8
6711,315.703929
6712,316.8
6713,109.906628
6714,504.0
6715,423.823547
6716,2.823303
6717,552.0
6718,828.0
6719,659.435886
6720,412.8
6721,525.6
6722,176.287711
6723,456.702735
6724,297.6
6725,251.779842
6726,444.167713
6727,34.023132
6728,43.15595
6729,478.509797
6730,585.6
6731,246.693624
6732,552.0
6733,231.516063
6734,154.987759
6735,245.593225
6736,489.6
6737,208.598246
6738,604.8
6739,331.2
6740,178.842061
6741,297.6
6742,462.753151
6743,321.6
6744,257.708912
6745,494.4
6746,270.227547
6747,43.419028
6748,340.8
6749,302.4
6750,296.852419
6751,482.4
6752,548.064933
6753,684.0
6754,96.00936
6755,316.8
6756,340.8
6757,5.661684
6758,512.816507
6759,197.074966
6760,48.956424
6761,537.6
6762,240.818954
6763,235.174197
6764,572.072106
6765,176.735323
6766,97.723235
6767,218.491318
6768,43.959921
6769,223.728018
6770,741.6
6771,839.348464
6772,227.797105
6773,446.122702
6774,388.8
6775,130.143497
6776,633.6
6777,40.839965
6778,280.352767
6779,328.502498
6780,307.2
6781,93.697638
6782,242.133552
6783,292.8
6784,402.778867
6785,302.4
6786,250.959093
6787,360.217299
6788,350.4
6789,525.6
6790,784.8
6791,809.039071
6792,223.905524
6793,840.231575
6794,419.187114
6795,316.8
6796,597.6
6797,168.901895
6798,604.8
6799,513.6
6800,485.01384
6801,388.8
6802,422.4
6803,202.22495
6804,19.575683
6805,326.4
6806,74.934678
6807,456.702735
6808,302.4
6809,336.0
6810,369.6
6811,207.901654
6812,107.325235
6813,292.8
6814,364.8
6815,136.217066
6816,498.927007
6817,101.417253
6818,626.4
6819,825.416826
6820,523.815839
6821,321.6
6822,347.857619
6823,316.8
6824,513.6
6825,714.494746
6826,181.538354
6827,321.6
6828,439.701118
6829,192.186026
6830,173.080024
6831,308.651195
6832,727.2
6833,528.0
6834,57.712985
6835,292.8
6836,39.49793
6837,255.210049
6838,312.0
6839,378.75258
6840,773.690268
6841,307.89535
6842,566.4
6843,741.6
6844,327.723713
6845,321.6
6846,98.354737
6847,806.4
6848,436.8
6849,580.8
6850,556.8
6851,50.800186
6852,316.8
6853,150.952506
6854,128.57791
6855,566.4
6856,364.622773
6857,842.4
6858,304.550129
6859,321.6
6860,571.2
6861,612.0
6862,340.8
6863,402.456296
6864,496.8
6865,23.788022
6866,643.877067
6867,694.598288
6868,763.2
6869,450.85948
6870,578.175234
6871,427.243803
6872,480.0
6873,768.0
6874,56.082107
6875,484.728153
6876,143.943749
6877,302.4
6878,684.0
6879,281.295903
6880,668.73901
6881,463.457352
6882,366.277224
6883,341.395103
6884,398.19284
6885,355.2
6886,127.157137
6887,511.2
6888,189.869329
6889,85.68352
6890,436.8
6891,441.6
6892,585.069825
6893,109.906628
6894,321.6
6895,481.113765
6896,456.0
6897,413.238845
6898,886.033554
6899,341.088276
6900,556.8
6901,153.013115
6902,537.6
6903,340.8
6904,677.868206
6905,496.8
6906,355.2
6907,225.654806
6908,331.2
6909,599.375099
6910,618.688651
6911,513.6
6912,8.529778
6913,159.383042
6914,347.996042
6915,47.95916
6916,351.270869
6917,224.483337
6918,499.2
6919,233.169575
6920,312.0
6921,98.66095
6922,633.6
6923,655.404481
6924,396.105473
6925,255.277041
6926,470.4
6927,337.596914
6928,157.990123
6929,301.867895
6930,302.4
6931,331.2
6932,638.4
6933,446.4
6934,80.73124
6935,333.441673
6936,80.129332
6937,345.6
6938,725.849253
6939,789.775123
6940,294.258612
6941,842.4
6942,302.4
6943,561.6
6944,328.348506
6945,767.242337
6946,481.014309
6947,799.2
6948,32.454659
6949,852.256188
6950,380.595522
6951,332.847984
6952,285.048692
6953,412.8
6954,109.906628
6955,585.058877
6956,336.0
6957,398.4
6958,597.578875
6959,484.87847
6960,246.515921
6961,323.1897
6962,388.313599
6963,278.735779
6964,324.99944
6965,326.4
6966,744.924331
6967,319.49223
6968,298.430234
6969,455.654032
6970,502.873215
6971,412.8
6972,571.2
6973,408.0
6974,441.951758
6975,364.8
6976,350.143872
6977,350.4
6978,11.549207
6979,537.6
6980,441.988868
6981,813.6
6982,145.448401
6983,578.945761
6984,228.515513
6985,108.892382
6986,34.235959
6987,384.0
6988,464.714188
6989,302.4
6990,617.650751
6991,9.275859
6992,413.25233
6993,113.804117
6994,513.6
6995,393.6
6996,523.2
6997,556.8
6998,755.19863
6999,109.906628
7000,590.4
7001,542.4
7002,413.288528
7003,159.383042
7004,504.0
7005,77.695518
7006,604.8
7007,321.6
7008,321.6
7009,475.2
7010,99.509191
7011,10.475529
7012,748.774773
7013,179.430114
7014,842.4
7015,496.474767
7016,318.882053
7017,566.4
7018,302.4
7019,333.478333
7020,537.6
7021,412.8
7022,482.4
7023,715.039363
7024,842.4
7025,296.995798
7026,289.386343
7027,358.985713
7028,403.737293
7029,331.2
7030,552.845318
7031,350.4
7032,679.052398
7033,371.679189
7034,75.110004
7035,662.4
7036,294.591676
7037,585.6
7038,297.6
7039,32.714226
7040,364.8
7041,439.762045
7042,585.6
7043,398.502948
7044,190.120714
7045,278.208622
7046,617.705323
7047,119.587974
7048,98.991733
7049,101.753098
7050,770.4
7051,380.069056
7052,316.8
7053,542.4
7054,326.4
7055,379.2
7056,638.543326
7057,312.0
7058,287.556107
7059,174.327925
7060,312.0
7061,148.820742
7062,898.914194
7063,269.065636
7064,460.889274
7065,523.2
7066,552.0
7067,166.78838
7068,6.342791
7069,566.4
7070,25.333594
7071,494.4
7072,39.579516
7073,307.2
7074,106.528651
7075,561.6
7076,41.694266
7077,151.021648
7078,820.8
7079,350.4
7080,288.594641
7081,722.404711
7082,456.0
7083,165.098152
7084,463.604317
7085,294.705573
7086,169.386126
7087,512.861063
7088,112.660916
7089,441.6
7090,3.406136
7091,810.907059
7092,94.507735
7093,214.91451
7094,350.4
7095,451.2
7096,118.556928
7097,284.211516
7098,29.828668
7099,494.4
7100,316.8
7101,638.4
7102,617.936885
7103,213.027868
7104,340.8
7105,241.232198
7106,352.311743
7107,312.0
7108,355.2
7109,499.2
7110,379.897943
7111,432.835989
7112,44.159065
7113,316.8
7114,525.6
7115,808.618307
7116,453.6
7117,408.0
7118,379.075927
7119,79.293115
7120,791.878042
7121,319.867735
7122,403.991524
7123,566.4
7124,245.693546
7125,375.204446
7126,653.726919
7127,63.760358
7128,595.2
7129,460.8
7130,518.4
7131,262.086021
7132,61.769564
7133,230.436256
7134,850.175941
7135,480.925301
7136,499.2
7137,558.099357
7138,312.0
7139,268.710908
7140,419.365958
7141,436.494292
7142,638.4
7143,91.464233
7144,537.6
7145,500.665061
7146,360.670642
7147,335.936021
7148,432.0
7149,323.607074
7150,64.855035
7151,489.6
7152,379.281455
7153,556.8
7154,377.561463
7155,88.765534
7156,302.4
7157,398.4
7158,537.6
7159,556.568103
7160,61.570877
7161,199.23876
7162,231.201886
7163,446.4
7164,362.026936
7165,321.6
7166,222.626234
7167,56.05058
7168,412.8
7169,420.606785
7170,426.248686
7171,482.778155
7172,393.6
7173,104.918485
7174,120.060283
7175,694.598288
7176,488.272759
7177,398.421636
7178,52.121929
7179,326.4
7180,351.270869
7181,326.4
7182,873.127345
7183,453.895633
7184,302.458432
7185,50.740536
7186,336.0
7187,398.4
7188,352.894843
7189,307.2
7190,85.416096
7191,132.568435
7192,132.023007
7193,350.4
7194,617.515196
7195,350.4
7196,249.151199
7197,489.6
7198,321.6
7199,567.48055
7200,331.325638
7201,763.2
7202,489.6
7203,384.0
7204,542.4
7205,583.2
7206,432.0
7207,482.4
7208,321.6
7209,345.6
7210,116.209568
7211,523.030597
7212,388.8
7213,685.048914
7214,553.174109
7215,350.4
7216,880.435943
7217,167.028453
7218,712.71287
7219,292.8
7220,542.4
7221,460.8
7222,655.2
7223,556.8
7224,610.617285
7225,373.289571
7226,504.0
7227,326.4
7228,561.6
7229,465.922152
7230,292.8
7231,337.305815
7232,356.08323
7233,316.8
7234,461.306722
7235,77.695607
7236,460.8
7237,158.077504
7238,225.578841
7239,250.652309
7240,364.8
7241,666.042098
7242,400.832857
7243,165.478147
7244,6.880385
7245,331.170924
7246,513.6
7247,331.2
7248,185.530076
7249,322.575677
7250,326.4
7251,518.4
7252,590.4
7253,364.8
7254,482.4
7255,307.2
7256,541.282007
7257,379.2
7258,790.784983
7259,691.2
7260,369.6
